date,rating,review
3주 전,별표 5개,조선과 대한제국의 왕실 생활을 엿볼 수 있는 박물관이다. 차를 가지고 방문하면 주차가 어렵지만 대중교통을 이용하면 쉽게 접근할 수 있다. 지하철 3호선 경복궁역 5번 출구로 나오면 바로 박물관 정문이 나오고 입장료가 무료라 많은 시민들과 외국 관광객이 찾는 곳이다. 현재는 한불 수교 140주년 기념 전시 중인데 시간을 맞추면 해설사의 친절한 설명을 들을 수가 있다. 유물 외에 디지털 영상을 적절히 가미해서 이해를 돕는 것은 
3개월 전,별표 4개,조선시대 왕실과 대한제국 관련 자료가 있습니다. 사료가 아주 풍부한 상태가 아니라 아쉽지만 그래도 우리 자녀들의 역사교육에 큰 도움이 됩니다.
7개월 전,별표 5개,경복궁역 5번 출구와 바로 연결되는 국립고궁박물관을 다녀왔습니다 
6개월 전,별표 5개,"무료이며 다양하고 훌륭한 유물이 전시되어 있습니다. 디지털 기술을 활용한 전시가 인상적입니다. 다만, 유물에 대한 외국어 설명이 충분하지 않으며, 설명이 있더라도 2번째 사진처럼 글씨 크기가 너무 작아서 불편합니다."
10개월 전,별표 5개,"조선왕조의 유산을 잘 보여줍니다. 아쉬운 점은 대부분의 전시품은 17세기 이후의 것입니다. 조선전기의 전시품은 거의 없었던 것 같습니다. 1층에는 대한제국 시기의 전시품이 있는데, 업데이트가 안된지 한참된 구성입니다."
2주 전,별표 5개,경복궁을 찾는분들이면 여기를 다들 들리시는것 같습니다. 입장하면 깔끔하고 정돈된 모습이 참 보기 좋습니다..외국분들이 특히 관심있게 많이 보시는것 같습니다.
1년 전,별표 5개,경복궁역으로 나오면 바로 만날 수 있어요 작아보이지만 3층으로 되어있고 1층에는 카페도 있어요 조선시대 왕들의 삶과 그에 관련된 물건과 행사등 너무 잘 해놓아서 편리하게 관람할 수 있었어요 이런곳에 와 보면 우리나라가 선진국임을 느낄 수 있는 것 같아요 외국인도 많고요
수정일: 6개월 전,별표 5개,"새로운 전시회를 관람코자 재방문  시간을 잇는 보존과학 2층,  천년을 흘러온 시간 1층. "
1년 전,별표 5개," 경복궁에 오셨다면 반드시 자세히 둘러봐야할 장소 입니다.   경복궁 내의 국립고궁박물관은 조선 왕실과 관련된 유물과 역사적 자료를 전시하는 곳으로, 한국의 전통 문화를 깊이 이해할 수 있는 중요한 "
11개월 전,별표 3개,"비 온다더니 비가 안 와서 날이 좋아요. 건물을 마주보고 서있으면, 오른쪽에 북한산이 보여요. 요새 동양화에 관심이 많아서 보러갔는데 괜찮았어요. 궁궐에 있던 벽화를 떼서 전시하고 있더라구요. 크기가 크기 때문에 전체적으로 보는거보다 가까이 가서 쳐다보는걸 추천해요. "
7개월 전,별표 5개,무료관람에 이 정도 퀄리티라니 너무 훌륭합니다.  국립중앙박물관 굿즈 중 일부도 판매중인데 품절 없어서 너무 좋네요  국중박 품절에 지치셨다면 여기로 고고
1년 전,별표 5개,주변은 많이 지나다녔지만 처음 관람해본 곳. 생각보다 구성이 좋다. 현재 2층 공사중이지만 공사 후 찬찬히 들러볼만한 곳. 관람료 무료.
1년 전,별표 5개,경북궁 방문시 꼭 한번 들려서 구경하면 좋은 곳. 생각보다 볼거리가 많다. 안내문도 여러 언어로 잘 소개되어 있다.  It is a good place to visit when visiting Gyeongsangbuk-do Palace. There are more things to see than you think. The notice is also well introduced in many languages.
2년 전,별표 5개,무료. 설명을 듣고싶을때는 시간 맞춰방문. 아는만큼 보이기에 도슨트 활용하기를..엘리베이터 있어 어르신 접근성 좋고 중간중간 직원들이 있어 친절한 안내 받을수있으며 1층에는 카페도 있어 쉬기좋음. 
1년 전,별표 5개,"1908년 세워진 대한제국의 제실박물관을 모태로 2005년 문화재청이 개관한 조선왕조와 대한제국 왕실 유물 전문 박물관.  2005년 3월 국립고궁박물관으로 명칭이 확정되었고, 8월 1개층 5개 전시실을 두고 개관하였다. 2007년 11월 국립고궁박물관이 3개 층 "
3년 전,별표 4개,"2005년 광복 60주년을 맞이하여 덕수궁 궁중유물전시관을 대대적으로 확대 개편하면서 경복궁 내 옛 국립중앙박물관 자리에 국립고궁박물관을 새롭게 개관(2005년 8월 15일)했습니다. 이곳에 기존 소장품을 비롯해 4대 궁에 분산되어 있던 소장품 약 4만여 점을 보관 전시하게 됩니다. 조선왕실의 문화재 및 궁중 유물을 전시 관리하고 있으며 궁중유물의 홍보 및 사회교육, 학술도서와 자료의 수집, 출판, 관리 업무도 담당하고 "
10개월 전,별표 5개,"조선왕조의 왕궁 문화에 대해 잘 살펴볼 수 있음. 그리고 대한제국의 정신과 위대함, 동시에 실용적인 개화 활동에 대해 배웠음."
1년 전,별표 5개,"겉보기에는 크지 않지만 전시하는 유물 수준은 상당히 높다. 시기마다 테마가 많이 다른 거 같은데, 경복궁만 둘러보는 것보다는 고궁 박물관에서 유물을 같이 보는 게 훨씬 더 도움이 되는 것 같다. 박물관 안에서 파는 기념품 샵의 물건들도 수준이 퀄리티가 상당히 높다. 3호선 경복궁 역에서 지하 통로로 연결되어 있으므로 대중교통 이용을 권하는 바이다."
1년 전,별표 3개,최근 박물관에서도 디지털 전시가 주된 트렌드라고 하지만 고궁박물관이라면 고궁에대한 정보가 메인에 있어야하지 않을까. 뜬금없이 지하로비의 자동차가 웬말인가..경복궁만해도 설명할게 얼마나 많을텐데..  제일 사람 많은 곳은 미팅장소로써의 로비와 시원한 카페라는 점이 씁쓸하다. 특색없어 보이는 박물관.. 아쉽다.
1년 전,별표 5개,경복궁 왼쪽에 위치한 무료 박물관 궁 관람과 연계해서 보면 좋아요 조선왕들의 생활과 궁내 문화를 알 수 있음 
1년 전,별표 5개,"경복궁 옆에있는 박물관으로 작지만 정기적으로 전시가 바뀌는데 볼만합니다. 이번에 하는  노트르담 대성당 증강현실 전시는 태블릿을 이용하여 어떻게 대성당을 수리하였는지, 보물찾기를 통해서 역사의 의미 및 성당 수리과정에 대해 더 잘 알수가 있었습니다. 매우 만족스러웠어요 이렇게 알찬 전시는 무료이용입니다."
2개월 전,별표 5개,경복궁 가기 전에 혹은 후에 가보기 좋아요. 전시물이 많지는 않지만 야외가 덥거나 추울때 실내전시도 같이가면 쉬는 시간이 되더라고요.
10개월 전,별표 5개,무료입장에 경복궁역 5번출구에서도 바로 갈 수 있음 박물관 꽤 넓고 전시도 잘 되어 있고 안에 카페나 쉴 공간도 많고 좋음
3년 전,별표 5개,볼게 많아요. 무료예요. 아이들이랑 같이보기도 좋고 성인들이 보기에도 재밌고 유익해요. 
1년 전,별표 5개,"조선시대 궁궐에서의 삶을 관람할수 있다. 여러 가지 전시물들이 많으며, 특히 근대화 시기의 조선 왕실에서 사용한 물건들이 흥미롭다."
1년 전,별표 5개,경북궁과 가까운 곳에 위치 한 이 곳 박물관은 과거와 미래를 보는 듯했습니다. '파리 노트르담 대성당 증강현실 '특별전은 태블릿으로 그 작품을 스캔하면 그 사건이 일어난 해를 비롯해서 그 사건과 관련된 내용들이 나왔습니다. 
2년 전,별표 5개,조용하고 멋있어요. 적당한 규모에 설명도 잘 되어있고 눈도 즐거워요. 초3 까지의 아이들을 위한 프로그램도 강력추천드려요  )
2년 전,별표 4개,"지하철3호선 경복궁역과 바로 앞에 있어 접근성도 좋고 무료입장이라 너무 좋다. 조선의 역사를 볼수있고, 다른전시관레서는 활옷만개 전시회중임. 외국인들도 많이 방문함. "
1년 전,별표 5개,큰 기대없이 갔는데 너무 좋았습니다 특히 지하1층에 있는 과학문화관쪽은 꼭 가보세요  
9개월 전,별표 5개,9월은 한국에서 다양한 미술전시가 무료로 관람가능한 것이 많습니다ㆍ고궁박물관은 경복궁과 가깝고 작지만 즐거운 관람이 가능한 곳입니다
3년 전,별표 5개,"조선왕조에 대해 공부하기 좋습니다. 역사를 배우고 있는.. 관심있는 학생들 동반 관람하기 너무 좋네요. 지하에는 어린이들을 위한 공간도 있고, 너무 잘되어 있습시다."
1년 전,별표 5개,허접할줄 알았는데 생각보다 전시물이 괜찮아서 놀랐습니다. 특히  조선의 하늘- 천상열차분야지도 각석 은 조선의 천문학의 수준을 알게 해주었습니다. 보는데 시간도 별로 안걸립니다. 꼭 들러 보세요~
2년 전,별표 2개,"기념품매장 옆 공간에서 불쾌한 냄새가 나고 전시장 유리에는 얼룩이 묻어있고, 어차 전시장 설명화면은 파일이 깨져서 지직거린다.  기념품 매장의 백여만원 짜리 상은 다리에 금이 가 있고 판매가 가능할까 싶은 수십만원 짜리 고가 제품들이 가득하다.  관리가 안되고 있는 전형적인 공무원 조직.  경복궁 복원시 철거 되어야 한다.  전시물이 아깝다."
3년 전,별표 3개,"글씨가 많아서 읽기가 힘들었다...지하 2층에 있는 과학 전시관의 별자리 상영 정도가 좋고 자격루, 측우기 등등을 볼 수 있어서 좋았다. 고종이 타던 차도 있다. "
1년 전,별표 5개,오랫만에 찾았는데 여전히 새롭고 잼있네요. 고궁박물관에서 왕실음악 코너에서 호랑이를 닮은 '어'와 커다란 종을 '특종'이라 한다는 걸 알았네요. 경복궁 월대도 조성후 처음봤네요.   
2년 전,별표 5개,무료관람으로 조선시대 역사와 전통을 살펴볼 수 있는 유익한 공간입니다. 성인부터 어린이까지 참여 할 수 있는 다양한 교육 프로그램과  문화행사도 진행중이니 방문해보길 추천합니다.
1년 전,별표 5개,대한민국 1위 박물관이라 생각합니다.  볼거 엄청 많고 
1년 전,별표 4개,"경복궁 경내에 있는 박물관, 광화문을 거치면 바로 있다. 전철을 타도 경복궁역에서 나오면 바로 연결되기 때문에 접근성은 매우 좋다. 이름처럼 주로 궁이나 왕실에 관한 유물들이 많다. 입장료가 없기 때문에 그냥 들어가면 된다. 경복궁에 왔다면 가볍게 들러보기 좋다."
4년 전,별표 5개,조선시대의 역사 그 배경의 고궁에 대해 정말 깊이감있고 상세히 보여주는 곳입니다. 국가에서 운영하는 곳으로 사료의 역사적 정확성은 또한 보장되어 있죠.
3년 전,별표 5개,"우리나라 궁궐과 왕실 문화에 대한 소개와 다양한 유물을 관람할 수 있는 곳입니다. 어린이는 물론 성인들에게도 좋은 역사공부가 될 것 같네요 경복궁의 광화문 옆에 위치하며, 관람료는 무료입니다."
수정일: 2년 전,별표 5개,조선왕조와 대한제국기 왕실문화를 엿볼수있는 작지만 알찬 박물관. 기획전도 좋아 한번만 아니라 종종 다시 찾아도 좋다.
2년 전,별표 4개,"조선 왕조, 왕실에 촛점을 둔 박물관으로서 그 차별점이 있는데 지하까지 총 3층 규모로서 볼거리가 생각보다 많다. 수준급의 기획전시도 꾸준히 열린다."
7년 전,별표 5개,설날 연휴 마지막날인 2 10일날에 방문했었던 곳입니다. 원래는 4대 고궁을 모두 방문하고 싶었는데 경복궁이 워낙 넓은지라 다 돌아보는것은 실패했네요 ㅜ ㅜ 대신 국립고궁박물관에서는 모든 곳을 돌아보고 저녁때 집으로 향해서 뿌듯했답니다.
1년 전,별표 5개,역사만화가로써 여기 백번이상 온거같음. 매번 놀라움의 연속. 조선 이미지 표현할때 꼭 답사하고 표현하시길. 교과서에 있는 유물들이 가득하고 특히 내가 만든 영상이 있어 그걸 보시는 관람객을 보고 있으면 흐믓흐믓.나의 최애 박물관. 박물관 입구에서 보는 근정전은 너무 멋짐. 한국전쟁때 부산화재만 아니었으면 지금보다 더욱더욱 유물이 많았을텐데....흑
6년 전,별표 5개,"경복궁 옆에 자리잡은 고궁박물관, 생각보다 큰 규모와 자세한 설명에 즐거운 관람했어요. 조선 왕가생활에 대한 전반적인 삶이 담겨져있어요. 관람료는 무료 입니다!"
수정일: 1년 전,별표 5개,대부분의 박물관이 쉬는 월요일에도 열어요 경복궁과 종묘가 문을 닫는 화요일에도 문을 열어요 심지어 무료예요 
1개월 전,별표 4개,한국-프랑스 140주년 기획전시 중
수정일: 2년 전,별표 4개,소장품의 유명세나 규모가 압도적이지  않지만 소소하게 소중한 조선의 근현대 
4년 전,별표 5개,상설전시도 좋고 기획전시도 좋아요. 기념품샵에도 사고싶은 예쁜것들이 많아요. 코로나때문에 사전예약이 필요합니다. 사전예약은 국립고궁박물관 홈페이지에서 가능해요. 상설전시의 경우 해설가이드 기기를 대여할 수 있어요. 현재  안녕 모란 이라는 기획전을 진행하고 있어요. 무료 관람에 사진 찍을수 있는 포인트가 많아 인기가 많아요. 혼자보다 친구와 함께 가면 서로 사진도 찍어줄 수 있어서 좋아요. 진입한 층이 2층이에요. 1층과 지하1층에도 전시 공간이 있으니 꼭 함께 둘러보시긴ㆍ 바랍니다
2년 전,별표 4개,무료인 국립박물관 경복궁 옆에있다. 주말엔 사람이너무많은데 주중엔 볼만하다. 입구가있는층이 2층이다. 1층에는 왕실에서쓰던 자동차가 복원되어있다
수정일: 2년 전,별표 5개,"입장료가 무료고 지하철 5번출구와 바로 이어져 아주 좋았습니다, 쾌적하고 한산해서 역사공부하기 좋은 장소라 생각됩니다. 카페도 즐기는 사람들이 무척 많았습니다"
수정일: 4개월 전,별표 4개,"조선시대 뿐만 아니라 대한제국의 자료도 많아, 대한제국의 궁이자 서울 5대 고궁 중 유일하게 동 서양 건축물이 어우러져 있는  덕수궁 과 연계해서, 관람 하시면 좋을 듯 합니다. "
7년 전,별표 5개,경복궁과 인사동 같이 구경하면 좋을듯요. 야경도 예쁘고 한복체험도 특별한 경험이 될듯 싶어요.
7년 전,별표 5개,"~2019.02.10. 특별 기획전 리히텐슈타인(Fürstentum Liechtenstein) 왕가의 보물 전시를 관람했는데, 좋았다. 도록이 모두 팔려버려서 절판된 것이 아쉬울 만큼이나... 조선의 국왕이라는 일반 전시실에서 하는 전시도 괜찮은 편. "
수정일: 7년 전,별표 5개,최대 장점은 무료라는 점입니다. 게다가 자주 바뀌는 전시로 즐거움은 배가됩니다. 서울의 현대식 고층건물을 배경으로 서있는 경복궁의 정문인 광화문은 세계 어디에서도 볼 수 없는 멋진 모습을 선사합니다
수정일: 3년 전,별표 5개,자주 들르고 싶은 곳 언제가도 만족 지금은 조선의 군례에 관한 전시중 
수정일: 2년 전,별표 5개,만개활옷이라는 전시에 갔는데 공주의 혼례복이 전시 되어 있는데 정말 유용한 시간이였고 방탄에 RM이 후원해서 복원작업을한 활옷도 볼수 있었네요 상시전시하는 여러 전시도 좋았고 경복궁안에 이런 전시관이 있었다니....꼭 한번 가보세요 너무 깨끗하고 설명도 잘 해 놓았어요 참고로 무료 입장입니다
3년 전,별표 5개,경복궁을 방문한 시민과 관광객에게 무료로 양질의 정보를 주는 박물관. 알차게 볼만한 전시들이 많다. 이번 여름에 진행한 나라 밖 문화재와 궁중현판 관련 전시도 매우 유익헀음.
4년 전,별표 5개,조선 518년의 궁중 문화재를 모아 놓은 박물관입니다. 무료로 방문할 수 있고 전체를 차근차근 보는데는 2일 정도 소요됩니다. 의미를 찾을 수 있는 곳.
8개월 전,별표 5개,저희는 벌써 3번째 방문했습니다. 안가보신분이 계시다면 꼭 한번 방문하시길 바랍니다.
4년 전,별표 5개,우리나라 역사와 다양한 문화를 볼수 있어서 너무 좋았답니다. 매번 다른 주제의 전시회가 있어서 더 좋은것 같아요! 가족과함께하기에 좋은곳입니다.
1년 전,별표 5개,더 깔끔해지고 볼거리가 많음. 외국인이 한국 문화를 배우기 아주 적합한 장소임
5년 전,별표 5개,"한국인보다는 외국인, 서울거주민보다는 지방사람이 더 자주찾는 서울 중심의 경복궁. 매일 봐서 새로울 것 없어보이는 고궁이라도 하루 시간내서 기존의 궁궐터와 수문장 교대식, 고궁박물관 둘러보면 새삼 전통문화컨텐츠를 몸으로 느끼실 수 있을 겁니다. 내가 오늘 그걸 느껴낐거든요!"
4년 전,별표 5개,조선의 대표2ㅓㄱ인 궁답게 위용이나 멋스러움이 최고입니다. 인왕산과 어우러진 전체 풍경도 최고구요.
2년 전,별표 5개,BTS_RM의 기부 참여로 진행된다하여 방문하게 되었고 소홀할 수 있을 우리 문화와 문화제들에 대해 새삼 놀라움과 경의로운 마음을 느낄 수 있었다. 심지어 무료이기도 하니 좋은 계절 한국의 아름다운 역사와 고궁의 정취를 한껏 누려보길 추천한다.
7년 전,별표 5개,"우리나라 고궁에 대한 전반적인 모든것을 간단하게 볼수있기에 매우 유익하고 쉬었다가기 좋은곳임, 지하 1층에는 아이들이 좋아하는 공간이 있어서 아이들과 주말에 가기 정말 좋음"
2년 전,별표 5개,광화문 광장 나들이 나왔다 우연찮게 들려서 관람을 하였습니다 활옷 만개 조선시대 역사 속으로 들어가 과학 문화 아름다운 활옷 까지 멋진 관람을 하였습니다
2년 전,별표 5개,수요일과 토요일 밤 9시까지 운영해서 밤에 방문하면 사람 없고 조용하게 관람할 수 있어 좋습니다.
수정일: 4년 전,별표 5개,지인과 2년 반 만에 만나서 고궁 데이트를 즐겼네요 날씨도 좋고 경치도 좋고 입장료도 없어서 더 좋았고 한복 입은 외국인들이 가끔 눈에 띄어서 기분이 업 되었네요
4년 전,별표 5개,"좋았어요~     정교한 스탬프도, 전시된 전시품도, 설명해주는 기계헤드폰도, 가방맡길수있는 무료보관함도,"
3년 전,별표 5개,조선왕실의 문화재와 유물을 볼 수 있어서 아이와 함께 방문해도 좋아요.
3년 전,별표 4개,3호선 경복궁역에서 5번출구도보5분 매주화요일 휴무  상설전시 외에 궁중현판(8월15일까지) 기획전  그리고 나라밖문화재의여정이라는 특별전시(반환된 귀중한 우리문화재  겸재정선 화첩동 40여점전시)(9월25일까지)전시 입장료 무료  주차장 경복궁 동편 주차장(유료)
1년 전,별표 5개,가을엔 종로라 단풍보러 종로 갔어요. 완전 물들진 않았지만 한옥과 어우러지는 단풍이 아름다웠습니다ㅎ
8년 전,별표 4개,무료로 입장 가능하고 생각보다 전시가 커서 돌아보는데 시간이 걸려요 교육적으로도 가치가 있는 박물관입니다 경복궁 역 5번 출구 바로 앞이에요
수정일: 4년 전,별표 5개,"일년에 몇번씩은 방문하는 곳이다 아름다운 우리의 전통 궁궐 문화에 빠진채 시간을 보내다 보면 마음이 차분하게 가라앉음을 느낄 수 있다 장기적으로 상설 전시물이 교체되고 단기적으로 두세달씩 기획전이 열리기도 한다 지상 1, 2층과 지하 1층으로 되어 있고 매우 깨끗하며 분야별로 잘 준비된 구조로 이루어져 있다"
6년 전,별표 4개,입장료 무료. 조선시대 궁중과 관련된 다양한 유물 관람 가능. 꼭 가봐야 되는 곳이라기 보다는 경복궁 관람 후 서촌쪽으로 넘어가기 전에 들르기 좋은 곳. 경복궁 관람 전에 가도 좋을듯. 천천히 보면 약 1시간 10분정도 걸림
4년 전,별표 5개,정말 오래간만에 찾은 고궁박물관.  몇해 전에 내가 좋아하는 왕릉전시회가 있어서 찾았던지가 가물가물하다. 
1년 전,별표 5개,"경복궁역괘 연결되어 있습니다 무료 전시지만 수준이 높고, 굿즈샵도 예쁩니다"
1년 전,별표 5개,조선시대  진품 보물들이 가득한 박물관으로 특히 조선시대왕들과 관련된 전시를 하고 있습니다.
수정일: 11개월 전,별표 4개,"지하1층과지상1층,2층이 있는데 지하1층을 추천한다.  1층에는 전시물이 있긴한데 별로없다."
7년 전,별표 5개,조선왕실의 실생활들에 대해서 사실적으로 전시가 되어 있는 곳입니다. 조선의 국왕과 왕실 궁궐등에 대한 자료를 전시하여 보다 쉽게 조선시대 궁궐안에서의 국왕이나 그들의 생활상을 잘 볼 수 있습니다. 내국인은 물론이고 외국사람들도 조선시대를 이해하는데 크게 도움이 될 것 같습니다. 경복궁을 가기전에 시간을 좀 더 내어서 방문을 하시면 될 것 같습니다.
9개월 전,별표 5개,경복궁 방문 후 함께 방문하기 좋습니다. 주차장은 경복궁주차장 이용이 가장 가깝겠지만 항상 붐비기 때문에 다른 곳을 알아보는 것이 좋습니다.
2년 전,별표 4개,연휴 기간중에 방문해서 사람이 많아 조용한 관람은 좀 어려웠디만 꼭 한번 가보시길 권해요 관심이 조금 뜸해지는 시기에 다시 방문 예정이에요
8년 전,별표 5개,광화문 내에 국립고궁박물관 입장료는 없으며 현재 지하 포함 2곳정도 임시 폐쇄된 상태 
8년 전,별표 5개,아주 의미있는 곳입니다 여러가지 문화유산을 잘 전시해 놓았고   무료개방이기때문에 부담도 없구요! 조선의 왕들의 모습들을 관찰할 수 있는 좋은 곳입니다. 그중 순종의 차가 기억에 남습니다. 한번쯤가서 조선의 왕들의 모습을 보는 것도 좋겠네요ㅎㅎㅎ
4년 전,별표 4개,유익한 시간이었습니다 옛날  궁에서 볼수있던 모습을 시진으로나마 보며 태조의 모습도 보았답니다. 주말이라선지 관람하는 분들이 많아 천천히 돌아보며 느껴볼수있는 시간이  부족해서 아쉬웠답니다
7년 전,별표 5개,리히슈타인 전시 보고왔습니다. 앞서 다른곳에서 하던 유료전시를 무료로 볼 기회가있어 갔다가 약간 실망하고왓는데. 아쉬워서 방문한 유료전시가 볼게 상당하네요. 이만한 전시가 무료라니 놀랐습니다. 즐겁게 감상하고 갑니다.
8년 전,별표 4개,창덕궁 희정당 벽화 2점( 길이 9m 대형벽화  총석정전경 과 금강산 절경)을 내년 3월까지  공개하기에 일부러 탐방하였다. 왕실관련  전시물을 해설사의 1시간 설명은 너무 좋았고 관동팔경의 1경으로 꼽을 수 있는 총석정 전경(바다에서 본 풍경)과 금강산졀경도는  1920년에 김규진 화백이 그린  대작으로 97년만에 일반에게 공개되는거라 더 귀한시간이 되었지요  입장료 무료~
5년 전,별표 4개,광화문으로 들어가면 왼쪽에 있으며 경복궁역 출구와도 
8년 전,별표 5개,"무료로 대한민국의 역사를 볼수 있었다는게 메리트가 있고 우리나라의 역사를 잘 몰라도 전시품 하나하나 설명하는 글이 있어 눈길을 땔수가 없었다. 일에 지친 직장인이나 연인들, 가족들, 남녀노소 즐길수 있는 곳을 찾고 있으면 국립고궁박물관에서 우리나라의 역사를 보고 즐기는것도 주말나들이에 탁월한 선택이 될것 같다."
2년 전,별표 5개,좋은전시가많아서 자주가는편입니다. 체험프로그램미리신청해서 
7년 전,별표 5개,리히텐슈타인 왕가의 보물전. 무료입장이라서 가봤는데 정말 좋았음. 전시기간은 2019년 2월 첫주말까지였던
7년 전,별표 4개,장소가 장소인만큼 안내하시는 분들이 엄청 까칠하셨어요 알았다면 저학년 아이들은 안데리고 갔을꺼예요.. 진짜 숨막힐정도..경복궁옆이라ㅡ 나무그늘도 있고 쉬기엔 좋았어요
5년 전,별표 5개,"특별전시들이 하나같이 유익해요. 가족들과, 특히 한 6~7세 부터 가면 참 좋을 것 같고요. 예약해서 자주 가고싶은 좋은 곳이예요  )"
6년 전,별표 5개,"조선왕실기록이 보관 전시되어 있는 곳, 무료라서 좋고, 박물관 입구에서 바라보이는 광화문과 빌딩, 과거와 미래의 조화로운 모습이 멋지네요!!"
1년 전,별표 5개,"경복궁 근처에 있고, 조선왕실에 대해 알아보고 싶다면 이 장소를 추천합니다."
4년 전,별표 5개,"안녕,모란 전시회는 기대이상이고 다시 보고싶어요 다만 제1전시공간의 정원컨셉 공간은 너무 어두워 그림을 제대로 볼수없어 아쉬웠어요"
7년 전,별표 5개,요즘 국내여행을 다니면서 느낀건 15년전의 일본처럼 스템프를 찍을수 있도록 배치되어 있어 다른 즐거움을 주는것 같아요~방학숙제하는 초등생이 많네요~
4년 전,별표 5개,지하철 경복궁역에서 내리시면 바로 옆에 있습니다. 입장료는 무료입니다. 
1년 전,별표 4개,눈이 오면 고궁에 못 들어갑니다. 오후 1시에 개장합니다. 참고하세요.
3년 전,별표 5개,경븍궁 입구 한켠에 위치하고 있습니다. 주차는 경복궁주차장에 하면 됩니다. 입장료는 무료 입니다. 
6개월 전,별표 4개,조선왕실의 유물을 전시한 박물관으로 왕족의 유물과 소품이 전시되어 있고 기획전시도 열리므로 경복궁을 방문하면 좋다
7년 전,별표 5개,박물관 안은 정갈하면 깔끔하고 역사를 다시한번 생각하게 합니다 관도 여러가지로 많고 기념샵도 있고 카페도 있어서 이용하기 좋아요
4년 전,별표 5개,"'안녕 모란' 전시회를 보러 고궁 박물관에 갔는데, 모란에 대해 많이  아는 시간이 되어 너무 좋네요. 더운여름 박물관에 가면  시원하고 여러모로 좋은 곳이에요 ㅎ ㅎ"
수정일: 7년 전,별표 5개,지하에 자격루 보러 광화문 갈때마다 들려요~ 아이가 좋아하고 도슨트 함께 하면 어려운 역사도 조금은 편해지네요~ 아이에게 스탬프 미션도 주면 더 좋아해요~
7년 전,별표 5개,뉴욕에 많은 박물관과 전시관을 가보고 부러웠던 적이 있었는데 대한민국에도 그것 못지않은 훌륭한 박물관이 있고 
3년 전,별표 5개,나라 밖 문화재의 여정 기획전이 퍽 인상깊었습니다. 관람 안내 해주시는 분도 친절하셨고요.
2년 전,별표 4개,우리나라 왕들과 고궁에 대해 잘알수가있어 좋았습니다.층별로 잘 꾸며져있어요.무료관람입니다.굿즈판매점도 있어 구경하는 재미도좋아요.마그넷이나 책갈피 뺏지 엽서등 작은거 하나 구매하는것도 괜찮아요.
9년 전,별표 5개,경복궁 역사와 문화를 배울 수 있는 곳 입니다. 경복궁 관람 후 반드시 들려야할 장소 입니다. 관람료는 무료 입니다. 아이들이 체험할 수 있는 컨텐츠가 다양해졌네요.
4년 전,별표 1개,"고궁 박물관이 너무 초라해요.  현판전에 나온 현판 글씨도 중국과 일본과 너무나 비교될 정도로 수준이 낮아요. 한국에는 한석봉글씨가 최고라고 생각하는 국뽕에 취해있어서 일반인 수준도 낮아요. 다른 무엇보다 고궁박물관이 여기 있는 이유는 고궁박물관 직원 정년퇴임을 보장하기때문일 것입니다.  외국인이 차라리 안보는 것이 국가 안위에 도움이 될 듯.  기분을 우울하게 만들지만, 그나마 위로가 되는 것은 기념품 가게... 이제는 싸구려 중국산 모조품이 점차 사라지고 있어서 참으로 다행..."
4년 전,별표 5개,철저한 방역 관리로 천천히 편안하게 관람할 수 있었음~!! 볼거리가 많아서 아이들과 함께 오기 좋은 곳~!!
5년 전,별표 5개,김치국뽕에 취했다  거대한 성문 앞에 나는 할 말을 잃었다 
1년 전,별표 4개,5월 연휴에 경복궁을 갔더니 티켓박스 줄이 너무 길어서 포기하고 고궁박물관에서 1시간정도 
4년 전,별표 5개,짱... 항상 대박이긴 하지만 31일까지 하는 모란전 너무 좋아서 쓰러짐... 누가 활옷을 저렇게 전시하냐구요ㅠㅠ(좋은뜻) 저는 혼자 갔지만 둘 이상 가서 서로 사진 찍어주면 좋을 것 같애요   11월 3일부터는 인사동에서 출토된 유물 특별전 한대요!! 점점 특별 전시가 전시 위주에서 체험 위주로 바뀌고 있는 것 같아서 아이들 데리고 가도 재밌게 볼 수 있을 것 같아요 나올때 카페에서 모란 세트 드시고 가세요! 모란 향수도 향 진짜 좋아서 뿌린 사람한테 고백 할 수 있을 것 같아요(...) 가족끼리 가기 좋아요! 
3년 전,별표 5개,휴일에 다녀온 국립 고궁박물관~! 오후 2시 경복궁수문장교대식을 보고 고궁박물관으로 관람을 해봄 
수정일: 4년 전,별표 4개,"무료입장 가능한 박물관입니다. 왕실의 역사와 귀한 옥쇄, 어진(왕의 초상화) 등 신기한 자료들이 잘 정리되어 전시중입니다.  지하2층엔 조선시대 에디슨이라는 장영실이 만든 자격루(스스로 작동하는 물시계) 를 재연했는데, 정말 엔지니어의 끝판왕답단 생각이 절로 드는 곳이네요!"
4년 전,별표 5개,국립고궁 박물관 경복궁에 있어서 한번들려보세요. 조선시대의 역사를 이해하는데 도움이 될거예요
7년 전,별표 4개,굉장히 우수한 수준의 무료 박물관입니다. 조선-대한제국 시대를 잘 보여주는 유물들이 전시되어 있습니다. 제대로 보려면 4시간은 걸릴 것 같습니다. 다만 조선의 경우 종류가 겹치는 물건들이 많은 것 아쉬웠습니다. 직원분들이 주인의식이 없어 보여서 안타까웠습니다. 제가 방문한 토요일은 7시까지 운영을 했는데 6시 40분에 물품보관함에서 물건을 꺼내라는 
7년 전,별표 3개,딸들과함께 점심식사도 고궁식당에서 즐겁게 먹고 박물관에서 관람도 하며 즐거웠다 옥에티 하나는 관람객들의 한복입은 모습이 우리고유의 한복을 입은 모습이 아닌 국적불문의 옷차림에 눈살이 찌푸려지는건 어찌 할길이 없었다 남편과 나눈 대화중하나도 좋아보이지 않는다는 말로 느낌이 표현 되는것이 인상에 강하게 남아진다 
4년 전,별표 5개,안녕 모란 전시회를 보러왔어요 고궁박물관은 조용하고 멋지고 품위있게 잘 관람할 수 있었어요
2년 전,별표 4개,총 3개의 층으로 되어있고 볼게 많네요~ 진득하게 다보면 3시간은 걸릴 거 같습니다. 기념품처럼 도장 찍을 수 있는 것도 있네요. 겨울에는 5시까지만 하는 거 같습니다.
2년 전,별표 5개,박물관 자체를 좋아하는데 이번에 활옷 전시 너무 뜻깊고 인상적이었고 좋았습니다. 서울에 산다면 자주 갈텐데 아쉬워요.
6년 전,별표 5개,"무료입장입니다. 자녀와 방문, 역사에 잘모르는 성인이 방문시에 엄청 유익할거같습니다. 무료짐보관소도있어서 관람하기에 매우 좋습니다."
3년 전,별표 5개,한국의 문화를 보기에 적합하며 무엇보다 free로 볼수 있었고 우리대한민국의 역사를 볼수 있어 좋았다
4년 전,별표 5개,경복궁만 보기 아쉬워서 들르게 되었는데 일단 경복궁과 다르게 입장료는 무료임. 다만 조심해야할건 차를 가지고 왔다면 2시간까지는 3천원이나 그 뒤로는 10분당 800원씩 주차요금이 가산되므로 고궁박물관을 찍고 오면 주차요금이 고궁박물관 입장료라 생각할만큼 나옴. 박물관 자체는 괜찮게 잘해놓아서 역사 공부하기에 참 좋음.
5년 전,별표 5개,So many things to see about Joseon dynasty. I stayed only 1 hour but you need at least 4 hours. I can not believe this museum is free! I should come again. 
4년 전,별표 4개,경복궁 안에 있는 국립고궁박물관은 조선 왕조에 대한 전시가 되어 있습니다. 물론 많은 내용들이 국립중앙박물관에서도 어느 정도 볼 수 있는 내용이지만 왕실의 생활상 면에서는 특히 잘 소개가 되고 있습니다
3년 전,별표 4개,"고궁박물관 꼭한번 다녀 오세요, 다양한 전시물과 기획전 등이 많은 도움 될 것 같아요"
3년 전,별표 5개,서울에서 좋은 전시 잘봤어요  중요한거 무료  고산자의 대동여지도 ~~감동  
2년 전,별표 5개,규모는 작은 박물관이지만 짜임세 있게 진열되어 편하게 볼수있어요. 외국 손님들도  많아요
1년 전,별표 5개,구경하기좋고 지하1층에 굿즈도 판다. 근데 예쁘지만 가격이 상당함
3년 전,별표 5개,국립고궁박물관은 경복궁내 좌측에 위치하고 있습니다. 한국의 궁전문화와 왕과 왕자들의 일상이 잘 소개된 장소입니다. 그리고 왕족들의 의상과 일상생활을 알수있는 곳입니다. 요금은 무료입니다. 
10개월 전,별표 5개,꼭 보셔야할 전시입니다. '창덕궁의 근사한 벽화'입니다.
3년 전,별표 5개,평생 서울 살며 귀한줄 몰랐는데.. 지방에 이삼년 살아보니 소중함을 느낍니다.
6년 전,별표 5개,효명세자라는 훌륭한 군주를  안타깝게도  이제야 알게되었습니다  다재다능한 이력이신데  짧은 생으로 널리 이루지 못한 거 같아서  다시금 역사를 기억하게 만들어준 전시회였어요
7년 전,별표 4개,아이들에게  새로운 모습을보여준거 같네요ㅡ이번에 갔는데ㅡ왕실보물전시회도 하고    표끊고ㅡ더안쪽으로  들어갔더니  더  좋은것도있고ㅡ봄에서 가을까지가  진짜 이쁠듯
3년 전,별표 5개,도심속 고궁....뜨거운 햇살 피하며 역사공부 유물관찰...특별전시 현판들속에 담긴 깊은 의미를 알게되는 뜻깊은 날  
3년 전,별표 5개,날씨 좋고 산책하기 좋음 뒤로 가시면 정원이 더 좋아요
2년 전,별표 5개,역사를 잘 담아 놓은 곳. 역사에 관심 1도 없었던 나.. 무료고 국민 이라면 한 번은 가봐야 할 곳
8년 전,별표 5개,"조선시대 왕궁이었던 경복궁, 창덕궁, 창경궁, 덕수궁등에서 생활했던 국왕들의 생활상들과 각종 전시물들이 진열되어 있네요."
2년 전,별표 3개,주차 - 경복궁주차장 및 민영주차장 시설 - 볼거리가 다소 부족  관람객이 판매시설로 착각 할 정도로 전시실보다 판매점에 많이 몰림
4년 전,별표 3개,'안녕 모란' 전시회 다녀왔어요. 방역수칙이 잘 지켜지고 예약제로 운영되다보니 사람이 붐비지 않아서 아이들이랑 느긋하게 사진도 찍고 관람하기 좋았어요. 생각보다 규모는 작았지만 상시 관람 가능한 볼거리도 꽤 있어요. 다만 역사에 관련된 기록과 유물이 대부분이라 저희 아이들은 따분했는지 빨리 나가자고 하더라구요  앞으로도 알찬 전시회 부탁해요~~!!   ) 
3개월 전,별표 5개,산책하기 좋아요.
7년 전,별표 5개,단순히 전시만 하는것이 아니라 스템프북이나 어진 색칠하기 등 체험할 수 있는것도 함께 있고 전시요금이 무료라는 점이 매우 매력적입니다. 내부에는 물품보관함도 있는데 그것도 무료!
4년 전,별표 5개,"모란이라는 어쩌면 한정적 주제를  가지고  책. 고문서.사진 , 고가구에 홀로그램까지  다각도로 전시에 기울인 노력이 엿보인 유니크한 전시였어요  어른들도 옛문화에취하고 아이들에겐 더할나위없는 학습에 유익한 정보들이 있고 시원한 데이트코스로서 연인 .친구들에게도 적극추천합니당   "
8년 전,별표 3개,교과서에서나 볼수있는 귀한 유물들을 볼 수 있어서 좋다 게다가 연중무휴이고 무료이다
5년 전,별표 5개,코로나 장기화로 사전예약제 시행중입니다. 관람 하루 전까지 예약하고 가시는 것을 추천. 
2년 전,별표 5개,"조선 왕조 시대의 역사, 문화를 체험할 수 있어서 유익했어요. 특별 전시 된 활옷 보며 감탄했네요. 지하 전시실에 천상열차분야지도 영상도 인상적이었어요. 15분에 한번씩 상영되니 꼭 보고 오세요. 이렇게 멋진 박물관이 심지어 무료라니...경복궁 가시면 고궁박물관도 아이들과 함께 꼭 방문해 보시길.."
2년 전,별표 5개,"입장이 무료인게 가장 좋습니다. 경복궁과 연계해서 다녀오시기 좋습니다. 전시의 대부분 주제는 조선시대, 대한제국 관련된 내용입니다. "
3년 전,별표 5개,"우리나라 조선과 대한제국 황실의 역사를 알 수있는 고궁박물관 무료 관람가능  지하 1층,1층,2층으로 엘리베이터 이용 가능"
8년 전,별표 5개,지하철에서 경복궁 쪽으로 가다가 우연히 들렸는데 많은것들 보고가는거 같네요. 가면 유익란 볼거리가 많고 예쁜것들 정말 많아요. 경복궁 들리는 김애 같이 와보면 좋응긋 합니다
5년 전,별표 5개,이토록 교통이 편리한 곳에 이토록 쾌적한 공간에 이토록 저렴한 입장로로 가장 귀한 유물을 볼 수 있다니.
2년 전,별표 5개,꼭 가보세요 조선의 역사와 그리고 다양한것을 알수 있습니다
4년 전,별표 5개,매우 만족스러운 전시. 새로운 전시를 봄으로써 궁과 관련된 새로운 지식을 알 수 있으니 만족스러운 방문이다. 다음에는 어떤 전시를 할지 기대되는 곳. 내가 모르는 궁과 관련된 것을 보는게 기대된다.
6년 전,별표 5개,옛 역사를 한눈에 돌아보는 중요한 시설로 초중고대생은 물론 온국민의 필수 교육시설?!
3년 전,별표 5개,경복궁옆에 바로 위치한 박물관. 3호선 경복궁역 5번출구에서 가깝습니다. 전시관람료 무료. 
10개월 전,별표 5개,벽화 전시 및 대한제국의 역사를 자세히 알수 있었어요
5년 전,별표 5개,"점심시간, 나 홀로 박물관 여행! 차분히 박물관 구석구석 다녔습니다. 조선의 국왕의 생활사를 볼 수 있습니다."
2년 전,별표 5개,"무료관람인데도 볼 것들 다양합니다...감동! 애기들 체험학습들도 있고, 바로 옆이 경복궁이라서 주말 가족나들이 가기도 괜찮은 곳 인 것 같음."
4년 전,별표 4개,경북궁 옆에 위치한 고궁박물관에서 다양한 옥새의 종류와 왕이 아닌 왕비와 신하들이 금인을 사용했다는 것도 새로웠습니다. 스탬프 행사가 있었는데 모든 스탬프를 다 찍으면 엽전이라도 주는 행사가 되었으면 좋았을 것 같은 느낌입니다.
7년 전,별표 5개,경복궁 안에 있어서 매번 가지 않았습니다.그런데 이번엔 큰 맘(?)먹고 다녀왔습니다. 기대이상으로 잘 꾸며져 있고 특히 근대 우리 생활상 부분에서 향수를 자극 했습니다.
9개월 전,별표 4개,사람들이 많지 않아서 여유롭게 관람할 수 있어 좋았어요
8년 전,별표 5개,"근대 조선유물은 평민이나 양반층 유물이 대부분인 타 박물관과 달리, 궁궐내 위치한 이 박물관의 특성상 조선왕조 왕실유물에 관해서 특화되어 있습니다. 특히 구한말 상류층의 정점인 조선왕실의 서구적 유물은 조선시대같지않은 신선함이 있습니다."
3년 전,별표 5개,시간이 나서 경복궁과 같이 들러본곳 옛날 궁에서의 생활  모습이 잘 정리되어 있었슴
수정일: 1년 전,별표 4개,경복궁역에서 가깝고 전시가잘되어있어요    
11개월 전,별표 5개,항상 청결하고 조용하게 즐긴수있는 공간입니다. 새로운 전시가 있어서 편안하게 관람했습니다. 다만 더운날씨에 물이나 음료를 살 공간은 지하1층에 커피숍인데 이에 대한 안내가  부족했고 물을 살 공간을 문의했지만 편의점은 밖이라는 피드백을 받았습니다. 커피숖등의 음료를 즐길수있는 공간이 안에 있음을 표시해주시면 좋을것같습니다. 또한 전시시설이므로 음료를 들고 전시실을 이용할 수없다는것만 좀더 명확하게 재공지 해주시면 전시실 이용이 더 편안하지 않을까 싶습니다.
8개월 전,별표 5개,은행나무 포토존이 있어서 가을에가기좋은곳
5년 전,별표 4개,사람없이 볼수 있어 좋았음. 밖은 시끄러운데 들어오니 조용하고 앉아 쉴수있는 공간도 있어 좋음. 무료 입장. 사진 찍어 보어주는데 돌아다니지 않고 나름 사계절이보여좋음.
9개월 전,별표 5개,"존경하는 우리 국립고궁박물관에서 국립고궁박물관 개관 20주년 특별기획전   창덕궁의 근사한 벽화 와 연구아카이브 특별전시  모으다, 이어가다 를 관람 했습니다~     최고 수준의 전시 관람을 통해 왕실문화를 향유할 수 있는 뜻깊은 시간이었습니다~    존경하는 우리 국립고궁박물관의 모든 관계자 분들의 큰 노고와 공로에 깊은 존경과 경의의 뜻을 표합니다~     아울러, 뜻깊은 전시의 빛나는 성료를 기원드리며~   더욱더 풍성하고 다복한 한가위 명절 보내시기를 소망드립니다~            "
4년 전,별표 5개,"근대문물을 체험하기 좋습니다. 기획전시, 체험 모두 추천드려요  "
7년 전,별표 4개,국립고궁박물관 이에요 지하철역 경복궁 3호선에 내리면 됩니다 
1년 전,별표 5개,"무료인데, 아주 좋아요!"
3년 전,별표 4개,경복궁에 딸려 있는 작은 박물관입니다.  조선 왕실이 사용한 여러가지 물건들이 많이 있어 왕실의 생활을 엿볼 수 있습니다. 
5년 전,별표 5개,왕실의 문화와생활상그리고권위를 보고체험하며 느낄수있으며 고궁들렀을때 꼭 들리는곳인 고궁박물관입니다
7년 전,별표 5개,입장료 무료. 그래서 외국인 관광객이 많음. 그래도 볼거리가 풍부함.
4년 전,별표 4개,입장료 무료. 하지만 대부분 공간은 준비중이라 아쉬웠습니다.
3년 전,별표 5개,초3 아이와 함께 1시간정도 걸려서 봤어요. 자격루와 앙부일구 있는 전시실 리모델링중이라 못봐서 아쉽.
4년 전,별표 5개,어린이들을 위한 코스가 비교적 잘 준비되어 있습니다.스티커 다 받으면 도장 찍어주면 더 좋을것 같습니다.
수정일: 4년 전,별표 5개,"고궁박물관을 가득 메워, 보는 사람을 압도할 정도로 방대한 기록물들을 보게되면 조선왕조가 기록에 이토록 집착한 이유가 무엇일까 하는 궁금증이 생기게 됩니다. "
5년 전,별표 4개,전시는 좋으나 동선이 애매하고 스탬프를 한 곳에 몰아두면 의미가 있나 싶네요.
1년 전,별표 5개,정리가 잘되있음 경복궁가면서 들려보셈요
7년 전,별표 5개,시간이 없어서 자세히 많이 못 보았지만 역사를 잊은 민족에게 미래는 없다라는 말이 떠오르는 곳입니다
3년 전,별표 5개,조선 왕실에 관해 잘 정리된곳
4년 전,별표 4개,오랜만에 들려 조선말기 대한제국의 아픔과 일제왜놈들의 잔인하고 악독한 침탈역사를 보고 감회가 새롭내요
6년 전,별표 5개,500년 조선왕조의 역사와 궁궐내 생활상을 조명해 놓은 역사적으로 대단히 의미있는 박물관.
5년 전,별표 4개,아이들과 겨울 나들이하기 좋은곳으로 추천드려요~! 주차비가 많이 나올수 있어 지하철 추천...
6년 전,별표 5개,3호선전철 경복궁 출구와 연결되어 있어서 들러 보기에 편리 했고요. 좋았어요
3년 전,별표 4개,조선시대 고궁의 여러 풍습에관한 유물들이 전시되어 있고 알찬 구성입니다
2년 전,별표 5개,"경복궁에 가시면 당연히 들러보실 국립고궁박물관입니다. 광화문을 들어서서 왼푠을 보시면 나즈막하지만 웅장해 보이는 건물을 마주하게 됩니다. 이 건물이 고궁박물관입니다. 조선 초 태조대에 법궁이었던 경복궁, 고궁 박물관입니다. 조선시대 왕실의 모습을 살펴보실 수 있습니다."
6년 전,별표 5개,"추석에 딸이랑  같이 국립고궁박물관에  갔는데 , 박물관 관람도 좋았고, 한복입은 사람들이 많아서 사람  구경하는 것도 정말  재미있었어요."
3년 전,별표 5개,우연히 지나가다 들렸는데 생각보다 볼 게 많고 좋은 시간 보냈습니다! 매번 경복궁만 봤었는데 가끔은 옆에 있는 고궁박물관도 보면 좋을 것 같아요~
4년 전,별표 5개,일월오봉도도 보고 왕조들의 초상화도 보고 쾌적하고 깨끗했어요 )
3년 전,별표 5개,입장료 무료임에 비해 많이 전시되어 있음
5년 전,별표 5개,근처에있는데 그동안 못가보다가 처음 가봤는데 굉장히 쾌적하고 꼼꼼히 보면 볼게많네요 두시간정도 관람하였습니다
3년 전,별표 5개,생각보다 규모가 커서 놀랐고 아이와 둘러보기 너무 좋았어요.
1년 전,별표 4개,경복궁 옆에 붙어 있는 궁중 문화 전문 박물관 작고 아담하지만 쉽게 둘러볼 수 있습니다. 3호산 경복궁역 출구에서 나오면 바로 가까이 있고 경복궁과 함께 둘러보면 좋습니다. 상대적으로 한산합니다.
9년 전,별표 5개,무료 박물관으로 조선 왕궁에 대해서 자세히 알 수 있어서 좋았다.
4년 전,별표 5개,어떻게 이게 무료인거지... 애기가 크면 꼭 같ㅇㅣ와야지 다짐하고갑니다 여러분의 세금은 올바르게쓰이고있어요
8년 전,별표 5개,초등생인 아들과 조선시대 궁중의 생활상을 관람하기 딱 알맞다. 스탬프찍는 재미가 솔솔하다.
4년 전,별표 4개,예악하시고 들어가셔야되세요. (홈페이지 통해서) 
3년 전,별표 5개,다둥이카드 찬스로 궁궐 산책을 자주가는 편인데 그중 경복궁에 갈때면 항상 들리는 곳. 무료 입장이며 상설전시와 기획전시로 나뉨. 2022.10월 현재 기획전시는 한미수교140주년을 기념한 미국 공사관련 전시임. 공사로 파견된 인물중에 이완용을 비롯한 친일 인사들이 그리 많았다는게 참으로 씁슬하네. 그외에도 조선에 대한 전시관과 순종이 타셨다는 어차도 있어 아이들이 신기해함. 아이들이 좋아하는 스탬프 투어는 필수 코스!
7년 전,별표 5개,과거 조선국의 황실문화의 찬란했던 우수성을 볼수 있는 귀중한 고궁박물관입니다.
3년 전,별표 5개,관람료는 무료입니다. 조선시대 고궁에 관한 전시가 되어 있어 꽤 볼만합니다.
5년 전,별표 5개,다음에 다시 가고 싶네요. 산책하기도 좋습니다
6년 전,별표 5개,조선시대의 궁궐에 대한 세부적인 모습을 보고 느낄 수 있는 장소
2년 전,별표 5개,궁궐에 관한 자료가 잘 보관되어 있는 장소입니다
수정일: 8년 전,별표 5개,조선과 대한제국 시기의 왕실 문화(?)를 엿볼 수 있는 박물관입니다. 규모가 크지는 않지만 티비에서 보았을 법한 친숙한 물건들이 잔뜩있습니다. 특히 화성행차와 관련된 기록물을 통해 조선의 행정력을  확인할 수 있었습니다. 어렵지 않으니 한번쯤은 2시간정도 시간내서 다녀올만한 장소로 추천합니다. 물론 무료입니다. ˆˆ
8개월 전,별표 5개,무료입장 물품보관소는  2층에
7개월 전,별표 5개,관람 유도선이  있었음 좀더 좋았을거  같네요  그래도 잘보고 왔습니다  우리나라의 역사를 좀더  알수 있어서 좋았어요
3년 전,별표 5개,조선의 역사와 문화적 가치에 대해 다시 한번 생각해볼수 있는 좋은 시간 이었음
9년 전,별표 4개,경복궁 안에 위치해있어(경복궁 입장료 내지 않고 들어갈 수 있음) 다른 명소를 구경할 때 겸사겸사 둘러보면 좋을 것 같습니다. 입장료는 무료.
8년 전,별표 4개,무료입장이며 잘 관리가 되어있답니다. 조선왕조를 한눈에 볼수 있어 좋습니다.
3년 전,별표 5개,몇  년 전에는 급해서 별로 못 봤는데 오늘은 여유롭게 관람했어요 ㅎㅎ  한국 조선 왕실 관련해서 시대별로 자세히 나와 있으니 (특히!) 경복궁 바로 옆에 위치해 있어요!!! (사진은 경복궁 담벼락((???)))
7년 전,별표 5개,아이와 가기 너무좋아요. 근처 공영주차장 이용하세요.
6년 전,별표 5개,도심에서 무료로 우리 문화를 확인할 수 있는 귀한 곳.
4년 전,별표 5개,자주 볼 수는 없지만 볼때마다 느낌이 달라요...
2년 전,별표 5개,20년만의 나의 사진촬영 아지트였던.. 그곳을 다시 찾다.
수정일: 6개월 전,별표 5개,넓은 배경과 잘 정리돠 유물 시청각 AI 박물관으로 민족의 위대한 역사적 유물을 섬세하게 관람함
수정일: 6년 전,별표 5개,조선시대의초기부터후기까지의그대로궁중생활의모든것을가져다놓은것같다역사적으로도꼭보관해서자손대대로물려주어야할곳이다
2년 전,별표 5개,방문할 충분한 가치가 있는것입니다
6년 전,별표 4개,바교적 조용하고..담깐 앉아서 쉴만한 장소가 많아요~
수정일: 7년 전,별표 4개,경복궁과 연결되어 있어서 박물관관람후 경복궁까지 볼수 있고 교통도 지하철3호선에 바로 연결되어 있어 좋다
7년 전,별표 5개,조선왕조 궁궐에서 쓰던 물품을 무료로 감상가능하다  추석.설날 당일 빼고는 무휴라서 더욱 좋다!
1년 전,별표 5개,자연과 도시 그리고 고궁이 멋드러지게 한데 어우러진 곳
5년 전,별표 5개,조선시대 전통의상을 알아볼수 있는 좋은기회!!
8년 전,별표 5개,무료이용 총 3층 전시 언어별 가이드 좋네요
2년 전,별표 5개,조선시대 과학의 멋진 유물을 볼 수 있습니다.
8년 전,별표 5개,잘 알려져있지 않지만 볼 것 많고 내실있는 곳입니다. 더군다나 입장료가 무료. 조선시대에 대한 이해를 높일 수 있습니다.
1년 전,별표 5개,"여름방학 중 관람하기 좋은 장소. 조선시대의 의복, 장신구, 책, 그릇 그리고 생활상을 알 수 있는 전시 잘 봤습니다. 감사합니다. 경복궁과 함께 즐거운 시간"
2년 전,별표 5개,오전일정은 청와대여서 아이들 체험 못한게 참 아쉬워요.  하지만 관람하면서 아이들이 너무 재미나했어요. 특히 초1 막내는 집증력이 흐트러질때쯤마다 스템프 찾아 다니며 행복해했어요.
2년 전,별표 5개,경복궁 다녀와서 잠깐 커피숖에서 쉬면서 곳곳에 설치된 미디어아트들 감상하기도 좋습니다
8개월 전,별표 5개,경희궁은 비록 작지만 품고있는 역사는 방대합니다. 편하게 거닐며 옛시대를 한번 들여다보고 인근에 있는 서울 역사 박물관도 가보세요~  
7년 전,별표 5개,정말 중요한 유물들이 꽉 차 있는 조선사 이해를 위한 필수 코스. 학습자를 위한 시설도 잘 갖추어져 있다.
2년 전,별표 5개,저는 평일 야간의 전시관람을 좋아합니다. 마주 수요일과 토요일 운영되는 박물관이 너무 좋습니다.
4년 전,별표 5개,"무료관람, 조상들의 생활모습이 궁금해서 다녀옴 다음에 또 와야지"
7년 전,별표 3개,광화문에서 밖을 따라 경북궁 좌측담벼락 모서리로 들어가세요.    조선의 과학기구는 맨 아래 지하에 있습니다.
3년 전,별표 4개,이중섭전 다녀왔는데 정말 좋았어요.  근데 예약하기가 넘 힘들어요.
2년 전,별표 4개,전시품이 많고 다양해서 천천히 구경하면 세시간은 걸릴 것 같다
6개월 전,별표 5개,경복궁 입장과 별개인 박물관 지하까지 전시품이 있고 종종 다른 국가 왕조에 관련한 특별전이 있을때가 있음.
1년 전,별표 4개,시끄럽고 좋아요 음식도 잘나오고 분위기 좋습니다만 좀 지저분합니다
3년 전,별표 5개,해외로 반출된 문화재중 다시 반입된 문화재 전시회가 열리는데 그중 일영반구 즉 휴대용 해시계를 볼수있어 행복했어요
7개월 전,별표 5개,"조선시대 왕의 옥쇄,옥잭,죽책,의복, 차량등 생활을 볼 수 있는 장소라 흥미있었다"
7년 전,별표 5개,이른 아침에 갔는데 좋은 전시를 무료로 관람할 수 있어서 좋았슺니다 감사합니다
4년 전,별표 4개,왕실의 문화를 볼수 있는 소중한곳. 계속 전시가 업데이트되서 볼거리가 꾸준히 많은곳입니다.
5년 전,별표 5개,궁은 언제가도 참 좋은 곳입니다.
8개월 전,별표 5개,깨끗하고 조선왕조의 다양한 유물을 전시하는 무료 박물관입니다. 여유롭게 전시를 즐길 수 있습니다
5년 전,별표 5개,조선의 왕실문화를 잘 느낄수 있음
5년 전,별표 4개,조선시대 궁궐의 생활상을 볼수있는 국립고궁박물관
6년 전,별표 4개,깔끔하게 잘 되어있네요.. 좋아요
7년 전,별표 4개,조선왕실의 각종 자료가 상설전시와 기획전시 되고 있는 곳입니다. 순종(융희제)과 순정효황후의 어차(御車)도 전시 돼 있습니다.
7개월 전,별표 4개,조선 왕조의 다양한 유물을 무료로 관람할수 있습니다.
6년 전,별표 5개,편하게 역사를 감상할 수 있는 좋은 곳입니다.
7개월 전,별표 5개,이번 가을에 본 제일 멋있는 은행나무 였네요 코리아 페스타라 입장도 프리 엤습니다
3년 전,별표 5개,아이와 즐겁게 둘러보고 유익하고 좋은 시간 보냈어요~ 다음에 또 방문할께요  
4년 전,별표 5개,경복궁 갔다가 잘 보고 왔네용. 특히 지하철 역이랑 연결되는 지하통로가 예쁘게 꾸며져 있어서 좋았네요.
7년 전,별표 4개,아이들 교육에 정말도움이 되는듯. 역사를 알게해주는것은 좋은데 경복궁에 위치해서그런지 조선에 한정되는것이 아쉬움
4년 전,별표 5개,외국에서 있던 소중한 문화재가 환수된걸 보게 되서 무척 기뻤습니다
1년 전,별표 5개,노트르담 대성당 특별전... 좋았습니다.
1년 전,별표 5개,잘 관리되어있고 경복궁옆이라 잠시 들르기에도 좋네요. 무료라 외국인들도 많은데 해설하시는분도 열정이 넘치십니다. 구경거리도 많아 추천드립니다.
1년 전,별표 5개,조선시대~대한제국의 변화시대 박물관
2년 전,별표 5개,좋은경험이었습니다~~ ) 경복궁만큼 볼만해요~
5년 전,별표 4개,조옹하고 우리역사를 천천히 볼수있어  좋았습니다
2년 전,별표 5개,경복궁갔다가 휴식이 필요할때 지하1층 영상쉼터 완전추천
수정일: 5년 전,별표 4개,조선 왕실과 대한제국 황실을 만날 수 있는 곳
2년 전,별표 5개,손주랑 함께 뜻깊은 방문이었습니다
7년 전,별표 5개,무료라는게 너무 화가나는 우리나라 문화재관리~ 봐도봐도 멋진 작품들.
6년 전,별표 4개,태정태세문단세 과거 왕들의 물건들이 전시되어있음.
6년 전,별표 5개,조선의 역사를 한 눈에 볼 수 있는 곳 무료 관람이라 더 매력적인 곳
1년 전,별표 5개,"다양한 볼 거리와 유아 친화적인 부분이 인상깊은 곳입니다. 유모차, 휠체어 더 가능하고 쉴곳도 충분해서 가기 좋습니다. 다만 공기질은 좀 안좋아서 마스크 끼시길 추천드려요"
1년 전,별표 4개,회사 점심 시간에 노트르담 대성당 보러 갔는데 볼게 넘 많아서 다시 방문해야겠어요~
2년 전,별표 5개,고궁의 정취가 좋았습니다.
2년 전,별표 5개,경복궁에 간다면 이곳도 들르세요. 근대 문화 유산들이 전시되어 있으며 관람에 한시간정도 소요됩니다. 멋지게 복원하여 전시해둔 왕실의 자동차가 인상적입니다. 
5년 전,별표 5개,도자기 전시회 끝물에 다녀올수 있어 좋았습니다
8개월 전,별표 5개,생각보다 볼거리가 많아서 너무 좋아요 30분 정도 투자해서 이왕 온김에 꼭 들렸다가세요
2년 전,별표 5개,قمت بجولة فى القصر الملكى وكانت المشاهد الطبيعية جميله وكذلك مشاهدة من يلبسون الهانبوك اللباس الكورى التقليدي بالوانه الزاهية وكذلك زرت المتحف الملكى وبالنهايه زيارة القصر الملكى كانت ممتازة 
4년 전,별표 5개,가을 경복궁은 정말 좋아요 화려한 모란  전시 작품이 고궁학고 다른 느낌이라 더 좋았어요ㅎㅎ 지하에 고종때 자동차도 있네요
4년 전,별표 5개,애들한테 교육적으로 좋은 많은 자료가 있습니다. 특별전 너무 멋있었습니다.
6년 전,별표 5개,조선시대 궁에 관하여 보고 느낄 수 있는 장소
5년 전,별표 5개,너무좋아요  체험도다양하구요
7년 전,별표 5개,아이들과 같이 가도 좋은 곳. 주차가 불편하고 주차장까지의 엘리베이터가 없어 유모차 이동은 쉽지 않음.
4년 전,별표 5개,"크기에 비해 전시물은 소소소하지만, 그래도 볼만하다."
6년 전,별표 4개,우리나라 국보.. 보물.. 꼭 가봐야할 장소입니다.. 대한민국 만세!!
3년 전,별표 5개,박물관이 흥미롭게 잘 되어있었어요 한번쯤 가볼만한 박물관입니다!
수정일: 1년 전,별표 5개,파리 노트르담 대성당 증강현실 특별전  내 손으로 만나는 860년의 역사 전시중 9월 2일까지
4개월 전,별표 5개,"무료. 학습, 만남 모두 좋아요."
2년 전,별표 5개,입장료는 무료이지만 박물관 청소상태나 전시품은 상당한 가치를 지녔습니다. 경복궁을 갔으면 굳이 방문하지 않을 이유가 없을 정도입니다. 시간을 넉넉히 잡으면 쉴 곳도 많아서 편히 관람하실 수 있을 것 같습니다.
10개월 전,별표 5개,화장실 냄새는 좀 해결을 해주시길~
2년 전,별표 5개,처음본  경복궁 가을밤 관람 황홀한 조명과   풍경은 환상적 이었습니다. 감사합니다.
4년 전,별표 5개,다양한 전시들이 있습니다. 추천드립니다~!!
7년 전,별표 4개,석조전예약 후 방문 좋아요~
수정일: 4년 전,별표 5개,고궁박물관도 들어가보고 산책하기 좋아요
수정일: 6년 전,별표 5개,경복궁 내에있는 박물관. 조선시대 궁궐의 삶을 알 수 있는 곳.
수정일: 1년 전,별표 5개,궁립고궁박물관 에서 우리나라 역사를  알아보고  배우고  느껴서  만족했다
1년 전,별표 5개,특별한 기대없이 방문했던  곳이라 그런지 오히려 구경할만 했음. 경복궁 한쪽의 박물관인 경복궁 산책하다 힘들면 박물관 실내에서 천천히 관람하기 적당해요
6년 전,별표 4개,시간을 충분히 들여 공부하면 좋겠습니다. 시간에 쫓기듯 보면 안되요.ㅠㅠ
6년 전,별표 5개,모처럼 마누라하고 경복궁 나드리 갔다 고궁박물관과 민속박물관도 구경했어요.
4년 전,별표 5개,아이들과 즐거운 관람되었습니다~   코로나만 아니면 주변 산책도 실컷하고 올텐데... 다음을 기약하며...  
7년 전,별표 5개,대한민국의 역사가 그대로 담겨있는곳
5년 전,별표 5개,조선 왕실의 생활을 이해할 수 있었고 역사적 유물들이 많습니다.
7년 전,별표 5개,고궁이라고 옛날 임금님이 계신던 궁궐이랍니다
4년 전,별표 5개,볼거리가 굉장히 많습니다. 꼭 한번은 가보셔야 합니다.
4년 전,별표 4개,무료관람. 영상관이 인상적이네요.
5년 전,별표 5개,아이들에게 꼭 한번 아니 두번  보여주고 체험하게해야하는 곳.고궁박물관  
3년 전,별표 5개,역사공부에 도움이 되요
1년 전,별표 4개,"과거 선조들의 생활상을 무료로 관람할수 있어서 좋았고, 무엇보다도 우리나라의 발전된 컴퓨터 그래픽을 통한 계절별 고궁들의 다양한 자태를 볼수 있어서 유익했습니다."
2년 전,별표 4개,어린 아이들이 방문하기 좋은 곳 같아요~
3년 전,별표 4개,조선시대 왕조를 상세히 알수있어요
9년 전,별표 4개,"주말에 산책하기고 관람하기도 좋은 곳,"
6년 전,별표 5개,아주 좋아요  날씨도  도와주고 사람  만 네요  외국인들도
5년 전,별표 5개,무료임에도 관리가 매우 잘 되고 있음 경복궁 바로 옆!
6년 전,별표 5개,역사와 조상들의 문화를 보고 느낄 수 있는 곳
수정일: 6년 전,별표 4개,경복궁왔다가 그냥 지나치기는 아쉬운 곳. 무료 박물관. ~20.03.01까지는 청나라 전시를 하고 있다.
3년 전,별표 5개,무료이고 교육적으로 너무 좋았어요
1년 전,별표 5개,국립고궁박물관 경복궁 내에 위치하며 조선왕조와 대한제국의 왕실유물을 전시하고 있다. 지하1층에 캐페에서 커피를 마실 수도 있고 선물코너도 있다. 주중 주말. 10 00 ~ 18 00 (수 토요일은 10 00 ~ 21 00)
4년 전,별표 5개,수준 높은 전시물들을 무료로 관람하기 미안할 정도입니다. 특히 궁궐 곳곳에서 함께 했지만 미처 모르고 지나친 모란꽃 관련 전시회는 인상 깊었습니다. 가벼운 마음으로 들어갔는데 다음에는 시간내서 다시 방문하고 싶습니다. 기념품 가게에 상품들도 구경하는 재미가 있네요.
3년 전,별표 5개,국립고궁박물관은 경복궁 옆에 있으며 무료 관람이 가능합니다. 전시 품질이 매우 좋으며 경북궁에 오셨다면 한번정도 방문하시면 좋습니다.  특히 기념품샵의 품질이 매우 좋아서 여유가 있으시다면 1층의 기념품샵을 방믄하시는것을 츠천드립니다. 수준급의 기념품을 판매하고 있어 선물하기 매우 좋습니다.
7년 전,별표 4개,의외로 볼 게 많고 전시물이 충분합니다.
수정일: 1년 전,별표 5개,지하에 주차장 있습니다.
4년 전,별표 5개,궁중현판 전시 관람 무료인데 너무 조앗당
6년 전,별표 5개,유물스탬프 찍는 재미까지 더해 넘좋았어요 최고!
6년 전,별표 4개,"최초의 박물관이면서 경복궁과 인접,고풍이 그만입니다."
4년 전,별표 5개,고궁을 좀 더 자세히 알 수 있었어요.
2년 전,별표 1개,"박물관 자체는 아주 잘 제작, 준비되어 있었지만, 근무하시는 여러 분들이 더운날이라 그런지 짜증내시고 외국인들에게 반말하시고 선생님이라고 명찰 차신분들은 설명하시는데, 해당그룹만 들을수 있다고 그룹외 아이들은 가라는 식으로 안내하고 여러번 실망했습니다. 카페도 자리가 있었고 예약이라고 안내표도 없는데 이유 설명도 없이 그자리는 사용이 안된다고 하시고..."
4년 전,별표 5개,"조선왕조와 대한제국의 역사를 생생하게 볼 수 있다. 굉장히 자세하게 역사를 풀어서 설명해주는 정도는 아니고 그 시대의 복색, 사용하던 도구, 문화 등을 볼 수 있는 정도이다. 관람료가 없어서 지나가는 길에 구경하기 좋았다."
2년 전,별표 5개,"조선임금 정조가 화성행차했던 역사를 멋진 영상과 더불어 증강현실, 가상현실장비를 통해 간접체험할 수 있었어요 빠른 방문 강추합니다"
4년 전,별표 5개,인사동 출토 유물전 방문했습니다. 대단하군요~!!!
4년 전,별표 5개,힘든 시간을 보내셨던 분들 생각에 가슴이 먹먹해집니다.
7년 전,별표 5개,아이들과 함께 가기 좋은 교육 밎  휴게장소입니다.
7년 전,별표 4개,복원된 어차를 처음 봤네요. 멋있습니다.
2년 전,별표 5개,아이랑 꼭 다시 방문예정입니다. 무료라서 더 좋네요.
수정일: 8년 전,별표 5개,경복궁은 나름 자주 방문했다고 생각했는대 국립고궁박물관은 처음으로 방문했네요 왜 이곳은 그냥 그동안 스쳐보냈는지... 이리 볼것이 많은 곳을 말이지요 
4년 전,별표 5개,"교통 좋고, 전시 내용 최고입니다"
수정일: 5년 전,별표 5개,우리나라의 역사 조선과 대한제국의 역사를 볼수있어서 매우 유익한시간이었습니다 조선왕조의 지혜로움과 다양한 고문서들을 대부분 원본으로 전시되어있어서 저는 국립박물관을 선호합니다 대부분 몇백년전에 만든 역사적으로 가치가 있는 물건들을 직접 눈으로볼수있는것을 항상 박물관을 갈때마다 신기하고 경이롭게 느껴집니다 특히나 국립고궁박물관은 소장하고있는 문화재도 많고 규모도 꽤크고 볼거리도 많습니다 위치도 경복궁이랑 붙어있어서 같이 코스로 관람해도됩니다 꼭 추천드립니다
2년 전,별표 5개,훌륭한 전시물 배치와 깔끔한 정돈이 돗보이는 멋진 박물관입니다! 아래는 국립고궁박물관의 소개 내용입니다. 
11개월 전,별표 5개,최고의 경험
3년 전,별표 4개,"고궁박물관 이름답게 궁에 관련된 모든것을 볼수 있어서 좋아요. 잘 관리되고 있고, 설명도 잘되어있어 경복궁 방문시에 꼭 관람필수"
4년 전,별표 5개,경복궁 한뜨락에 입장료도 무료이고 의외로 짜임새있게 소장품들이 잘 갖춰져 있었고 시기적으로 사람이 붐비지 않아 여유있는 관람을 즐길 수 있었습니다. 시간되실때 여유있는 관람 추천합니다.
2년 전,별표 5개,너무 아름 다운 우리옷 만개활옷~ 이름 그대로 꽃자수들이 만개했더군요   무료전시라 남편이랑 한시간 가량 관람했는데 볼만한 전시였습니다
4년 전,별표 5개,모란 전시장 예쁘게 잘 꾸며주셨어오
수정일: 4년 전,별표 4개,궁중 현판전 볼만 합니다.
3년 전,별표 5개,국립고궁박물관 친절합니다.
6년 전,별표 5개,조선시대 왕실과 관련된 우수한 유물들이 전시되어 있습니다. 화려하고 아름다울 뿐만 아니라 많은 기록들까지 전시되어 있어 교육적으로도 훌륭합니다. 경복궁을 관람한 후에 방문한다면 더 믾은 것을 알고 느낄 수 있습니다.
7년 전,별표 5개,우리나라의 옛 모습 뿐 아니라 외국의 옛 모습도 볼수있는 참 좋은 곳 입니다. 더우기 무료로 관람할 수 있어 참으로 좋은 곳 입니다. 기념품도 좋은 것이 많아서 구경하며 구매하기 좋습니다. 
7년 전,별표 5개,"경복궁 돌아보고 들르면 딱이에요. 시설,  컨텐츠 모두 좋아요"
6년 전,별표 5개,아름다운 한국 왕실의 문화를 느껴보세요.
2년 전,별표 4개,동선 표시가 명확하지 않아 관람이 다소 어려움. 그렇게 크지 않아서 2시간정도면 충분히 다 즐김. 특별전과 더불어 상설전시도 괜찮은편.
7년 전,별표 5개,"특별하거나 희귀 유적이 있는건 아니지만 정리가 잘되어 있음. 조선에 대해 알고 싶고 아이들에게 교육차 알려주고 싶으면 꼭 한번 들러보세요. 온통 관광온 외국인들만 보이는게, 안타까울 정도임. 연중무휴 무료임."
수정일: 5년 전,별표 5개,지금은 코로나기간이라 예약없이 들어가기힘들데요. 직원분들 너무 친절하세요. 휠체어끌고들어가니 돌아다니기 쉬운길도 안내해주시고 아이들은 미션지들고 미션한다고 박물관 여기저기를 돌아다니며 관람하는데 제 생에 제일 행복한 기억을 만들고 왔습니다. 직원분들 친절점수 만점도 부족합니다.
2년 전,별표 2개,한번정도는 가볼만 함
3년 전,별표 5개,상설전시장과 기획전시장으로 나뉘는데 경복궁 방문 시 가볍게 볼 만합니다. 규모가 크지는 않습니다. 지하철로 방문시 카페 뜨락을 통해 1층으로 입장도 가능해요
4년 전,별표 5개,경복궁 주변에 박물관이 많네요..궁궐을 둘러 보는것도 좋으나 박물관에 들러서 옛것에 흠뻑 취해 보는것도 좋을듯 싶습니다..시간이 되시면 경희궁 근처에 있는 서울역사박란관도 추천 드리고 싶네요..
2년 전,별표 5개,"기획전시의 퀄리티가 언제나 뛰어나고, 상설전시도 딱 핵심을 갖춘 박물관입니다. 규모가 크지 않지만 오히려 피곤하지 않게 둘러볼 수 있어 좋습니다. 지하의 자격루가 정각마다 실제로 울립니다. 꼭 들어보세요."
1년 전,별표 5개,예상보다 많은 유물을 볼수있고 외국인들이 많습니다 경복궁 연계해서많이 오시나봐요
5년 전,별표 5개,무조건 가보자. 역사를 훔쳐볼 수 있다
4년 전,별표 5개,문화 역사 유물 좋아요
수정일: 6년 전,별표 5개,정말 시간이 어떻게 가는지 모르게 푹빠져서 타임슬립하고 왔어요 다만 조금 늦게가서 클로징타임에 걸려 아쉬웠다는.. 가실분들은 시간여유를 두고 가셔서 충분히 즐기다 오세요 무료지만 고가의 입장료이상의 볼거리와 가치가 있는 곳이예요
2년 전,별표 5개,고려시대때 만들어진 자개와 거북 등껍질로 장식되어진 상자라는데 반짇고리함을 보고 왔습니다. 전 세계에서 20점이 유일하게 남겨져있다는데 이루말할 수 없는 깊은 품위와 정교함에 눈을 뗄 수가 없었습니다.
3년 전,별표 5개,엄청 멋진.전시들.많고. 직원분들 친절..
5년 전,별표 5개,광화문에 들렀다가 (12시쯤인가) 수문장교대식도 보고 오히려 그리 크지 않고 사람도 많지 않아 좋았던곳. 천천히 자세히 둘러봐도 넓지않아 힘들지 않고 지하에 기념품샵 가서 종이 부채도 사고 엽서도 사고 푸드코트였는지 레스토랑이었는지는 들어가보지 않아서 잘모르겠고 시간이 더 있었으면 옆에 어린이박물관도 가볼껄 아쉽다
수정일: 3년 전,별표 5개,경복궁에 들러 조선왕조 생활을 보려면 이 곳을 먼저 들러 작은 지식을 쌓고 둘러보길. 그렇게 보시면 경복궁이 달라보이실 듯 합니다. 당시에도 왕들이 자녀교육에 많이 신경을 쓰셨던 모습이 제일 마음에 남았습니다.
2년 전,별표 5개,조선시대를 한눈에 볼 수 있는 전시와 영상
7년 전,별표 5개,유일하게 자격루복원한걸 볼수있어요 아이들이너무좋아했어요ㅎ
2년 전,별표 5개,"고궁박물관 북쪽 마당에 있는 백송. 북촌 헌법재판소 백송이 자태가 좋다. 소나무는 잎이 1,2,3,5짜리가 있다. "
6년 전,별표 5개,경복궁역출구가 바로 옆에있다. 고궁의 유물들을 볼 수 있는 곳
8년 전,별표 5개,서울 고궁박물관 (서울여행 기본코스)  국립고궁박물관은 국가에서 운영하기 때문에 입장료가 무료! 조선 왕조의 유물을 많이 볼 수 있다는 매력이 있음. 관람시간은 평일은 오전 9시부터 
1년 전,별표 4개,고즈넉하고 뻥뚫린산뷰가 너무좋아요 들어갔다가나오니 깜깜해져있는데 또 다른 느낌이드네요 9시까지 해서 시간도 넉넉하고 좋아요
6년 전,별표 5개,전시물도 다양하고 입장료도 무료라 좋았습니다.
7년 전,별표 5개,무료!! 입장료를 받았으면 좋겠다.
7년 전,별표 5개,아이들과 가기에 좋은곳이네요. 부모님도 너무 좋아하시네요
4년 전,별표 5개,경복궁관람하기 전에 아이들과 관람했어요. 왕족들의 삶. 의복. 등에 대해 미리 알아볼 수 있어서 좋았어요. 왕의 글씨체라던가 의복의 의미 등 평소 다른 박물관에서 보기 어려운 내용들이 있어서 아이들이 너무나 흥미로워했어요.
3년 전,별표 5개,차는 막혀서 주차장 들어가는 길에서 1시간을 허비했으나 볼 만한 구경거리가 많았다. 경복궁지에 적힌 정도전 이름석자에 담긴 인물도 다시 기억했다. 수문장교대식을 용케 볼 수 있었다.
6년 전,별표 5개,전시내용도 좋고 쉴공간도 많아서 좋아요
7년 전,별표 5개,"조선 왕실 유물이 가장 많은곳중 한곳 이며, 별도의 입장료는 없습니다. 1층에는 어차가 전시되어 있습니다. 기억을 더듬어 보니 바레인 국립박물관에서 본것과 거의 비슷한 시기의 차로 기억이 되는데, 차 좋아 하는 어린이들과 함께 가볼만 한 곳입니다. 카페가 있어서 편하게 북적이지 않고 방문 가능 합니다."
2년 전,별표 5개,박물관이 깨끗하고  지하철과 연결되어 있어서 접근성이 좋습니다. 꽤 볼만한 것이 많고 무료라 아이들과 가볼만합니다.
7년 전,별표 5개,입구왼쪽에 자세한 팜플렛을 꼭 참조하세요 현관로비는 2층이며 조선시대왕과 왕비의 생활과 복식등을 볼수 있습니다 1층에는 
1년 전,별표 4개,"해설 내용이 조금 이상했어요.  대한제국이 근대국가라고 했는데, "
8년 전,별표 5개,춥거나 더울 때 실내 데이트하세요
4년 전,별표 5개,"조선시대 역사를 분야별, 시대별로 자세하게 알아볼 수 있는 공간을 각 충별로 구성하여 쉽고 체계적으로 공부할 수 있고, 예전에 배웠던 내용이 다시 생각날 수 있는 공간입니다. 기념품도 살 수 있고 차 한잔 마시며 이야기 나눌 수 있는 공간도 있어요."
4년 전,별표 5개,2021년 6월에 인사동에서 출토된 활자를 보러갔던건데 너무 좋았다. 국립고궁박물관은 처음가는거였는데 전시도 잘 되어있었다.
4년 전,별표 5개,박물관을 다닐 때마다 한국이 선진국이 된 걸 느껴요.   전시품도 시설도 잘 정리되어 있고 관람이 편합니다.   특히 굿스 상품 사고픈게 많았어요
6년 전,별표 5개,경복궁을 보고 옆에있어서 갔는데 참 좋았습니다
8년 전,별표 5개,깨끗하고 시원하고 경치도 좋고 아이들에게 교육상 좋습니다. 직원분들도 친절하시고 열심히.일하시더군요. 경차3시간 가량 주차했는데 2500원 나왔습니다.
7년 전,별표 5개,가을 단풍나무가 너무 아름다워요.
7년 전,별표 5개,경복궁 내부에 이런 박물관이 있는 것을 발견한 것은 큰 행운이었다 조선의 왕조로에 대한 기록 만을 전시 하고 있었는데 매우 인상적이고 볼 만한 것이 많았다 특히 세종의 과학 부분을 전시하는 곳에 가서는 감탄을 금치 못했다 또 하나의 팁은 지하 1층에 있는 카페 테리아이다 저렴한 가격에 한국의 멋을 느끼며 식사나 차 가벼운 간식을 즐길 수 있다
6년 전,별표 5개,"말이 필요없는 곳이죠, 좋아요~"
2년 전,별표 5개,규모는 크지않지만 잘꾸며놓았고 무료라서 좋아요. 미디어를 활용한 전시가 많아서 아이들도 잘 보았어요.
5년 전,별표 5개,좋았어요 방역도 철저하고 활쏘기체험도 좋있아요
3년 전,별표 4개,무료였어요. 좋았어요. 경복궁 바로 옆
4년 전,별표 5개,아이랑 다녀왔는데 관람하는동안 워크북을 할수있어서 더욱 유익했어요! 체험활동도 몇가지 준비되어있어 즐겁게 마무리 했어요!!
수정일: 5년 전,별표 5개,"사회적 거리두기 4단계 라서 각회차별 약 60-90명(인터넷사전예약 60명 현장30명기준) 입장이라지만 평일 16시 회차방문은 쾌적했습니다. 체온측정후 특별전시인 안녕, 모란 전시에서 예쁜 혼례의복인 활옷과 모란과 관련한 여러 작품들과 생활품들을 볼수있었습니다. "
3년 전,별표 3개,한국 박물관 너무 허접하다... 안내도 제대로 안되어잇고 설명도 부실하고 진짜 너무 실망햇음. 유럽 박물관 돌아다닐때랑 차이가 너무 심함. 그냥 경복궁 옆에 딸려잇는 거라 그런가? 로봇은 왜 놓은거임? 세금낭비
7년 전,별표 4개,전시 내용도 구성도 다 좋았어요. 무료 전시라는 게 미안할 정도로 좋아요. 스탬프도 찍을 수 있어서 어린애들도 좋아할 거예요. 그래도 전시 다 끝나기 전에 해당 전시 도록이 품절되는 건 좀 슬픕니다...
7년 전,별표 4개,휴일 박물관 가족과 함께 나드리하기에 너무 좋아요.이제는 벗꽃 목련 개나리 진달래 도 만발하는 이때 가족과 함께 기념촬영 하는것도 한번 생각해 보시고 그안에 고궁뜰안에에서 차한잔도 하시며 여유를 즐겨보세요. 너무나 좋은 추억이 되고 애들에게는 어릴때 가족나들이가 기억에 길이길이 남을 추억이 댑니다. 요즘 따듯한 날씨에 관람도하시고활짝핀 꽃들을 보는 우리의 눈도 호강을 하게되면 기분또한 최고인 이곳을  적극 적극 추천합니다.
5년 전,별표 5개,모란꽃 정원을 너무나 감격스럽게 전시회 준비를 잘 하신데 깜짝 놀라웠다 전시회 입구에 모란꽃들이 밝으면 환영의 인사를 받듯이 화들짝 피면서 미소를 받는가하면 또 전시실에 모란향기가 그윽하기에 어쩐 향기인가 의문에 고궁에 핀 모란향수를 담아서 이렇게 관람하시는 분들에게 내 주시게 되었다는 전시회 준비성에 얼마나 현대과학과 영상에 접목에 나도모르게 자꾸 모란꽃 미소를 나누고 싶어서 몇번 왔다갔다하며 감성의 미소로 젖어보았다 정말 보람찬 축복의 날이었다
8년 전,별표 4개,조선궁궐에 대해서만 정리되어 있어요. 경복궁 간 김에 잠깐 들리면 되요. 내가 무언가를 좀 알아야 유익하게 볼 수 있어요. 그냥 보면 참 지루할 듯 해요. 모든 박물관이 그렇듯 이.
7년 전,별표 5개,고종황제 특별전  하고 있네요.
수정일: 9년 전,별표 5개,경복궁은 많이 가봤어도 얼마전 처음 가본 곳. 별 기대없이 갔는데 완전 괜찮네요. 궁궐 생활과 궁에 대한 이런저런 것들을 살피기에 아주 좋습니다.
5년 전,별표 5개,전시회 기획이 좋아요.
8년 전,별표 4개,비를 뚫고 들어가 보니 정말 멋진 풍경이 눈에 들어온다.옛날에 살던 사람들이 지혜로운 삶을 위해 애썼던 모습들이 너무 좋았다.잘 정돈된 시대별 .해설사를 통해서 알게 된 유물들 등등 참 좋았다.또 오고 싶은곳이다.
5년 전,별표 4개,각종 무료 관람이 가능해서 좋습니다.
7년 전,별표 5개,우리나라조선시대의궁중생활환경.주거의복외여러가지알아야할것에 대해 시각으로느끼고 맘으로느낄수있는 서울시내있어  가족.연인끼리 방문하기좋아역사적인 교육도되고  박물관바로밖에는 바로 우조선시대의  경북궁이고 역사적인행사도볼수있고 한복체험도 할수있어 좋아요~~
7년 전,별표 5개,"조선왕실의 유물이 전시되어 있습니다. 경복궁이 왕실가족이 사는 집을 보여주는 것이라면 고궁박물관은 왕실에서 쓰는 가구, 옷. 각종 소품 등이 전시 되어 있어서 인상깊었습니다. 왕과 왕비의 의복이 기품있고 하나하나 의미가 설명되어 있어 재미있게 봤습니다 유물이 많지 않아 아쉬웠습니다"
6년 전,별표 4개,경복궁 들어가기전에 있어요 입장료는 없고요 볼거리도 많고 좋습니다  경복궁 주차장에 차대고 가면 됩니다  2시간에 3000원 인가 하고요 30분초과시 800원 이에요 주차비가 3800원이니가 대충 관람시간이 나오쥬
2년 전,별표 5개,주로 궁중관련 물건과 전시자료들이 있음. 짧게 훅 둘러보고 나왔지만 가능한 하루정도의 시간을 갖고 자세하게 공부하는 마음으로 천천히 보면 좋을 듯함.
3년 전,별표 5개,책에서만 보던 국보와 보물을  직접  볼수 있어서 너무 좋았습니다. 시설도 깨끗하고  쾌적해서  관람하기에 최적이었습니다.
10년 전,별표 4개,1908년 창경궁 내의 황실박물관으로 개관하여 다음 해 일반에게 공개되었다. 일제강점기인 1938년 이왕가박물관으로 명칭이 격하되었으며 1946년 3월 덕수궁미술관으로 개칭하였다. 1961년 덕수궁사무소를 설치하였고 1969년 5월 덕수궁미술관이 국립박물관으로 통합 개편되었다. 
2년 전,별표 5개,한국 근현대 역사를 볼수 있는곳.
3년 전,별표 5개,볼게 나름 많으니 지하 3층 까지 꼼꼼히 돌아보시길 추천합니다.
3년 전,별표 4개,지하철 경복궁역에서 지하통로로 찾아갈수있는 경복궁내에 위치한  고궁 박물관은 대한제국에서 일제 강점기 왕실의복이나 조선시대 옥새등 조선 왕실관련 유물을 다 볼수 있다. 지하1층에는 자격루의 복원모형을 전시하고 있는데 실제로 징 종 북을친다.순종어차와 순정효황후가 탔던 1918년제작한 캐딜락 리무진과 다임러사 어차(등록문화제319호)가 실물 복원처리돼있다.
4년 전,별표 5개,궁중현판 특별전 기간에 방문하였다 나의 현판만들기도 할수있어 재밌게 3~4시간동안 구석구석 구경하였다 지하1층~2층까지 총 3층에 전시관이 다양하게 있고 캐리어도 보관할수있는 보관함이 있다 바로 옆길에 경복궁역 5번출구가 있어 접근성이 좋다 영상이 많이 있어 볼거리가 넘친다
7년 전,별표 5개,고궁주차장을이용해서 저렴히 잘다녀왔습니다 아이들교육에도 한번은꼭방문을해봄이좋아요 사물함을쓸수있어 짐을넣고 가볍게 관람했습니다 사용료는 무료 안내소에서 스탬프찍는종이 가져가셔서 도장찍도 해보심 좋아요
3년 전,별표 4개,"좀더 많은,아름다운 자료들을 생각했나봅니다. 고궁박물관인데 너무 소박하더군요. 무료관람이다보니 관심도 없는 사람들이 들어와 휴대폰하고ᆢ속상했습니다."
4년 전,별표 5개,"조선 궁궐의 현판전, 궁궐의 현판에.담긴 조선의 건국선민이념을 잘 살필 수 있는 기회였어요. 아이들과 함께하면 더욱 좋을듯"
6년 전,별표 4개,깨끗하고 조잡하지 않음. 너무 많지도 않고 너무 빈약하지도 않고 적당함. 아이들이 많이 오다보니 다소 시끄러울때가 종종 있음. 왜 기념품 가게를 그렇게 신경을 안썼는지 모르겠음.
수정일: 8년 전,별표 3개,"처음 만들어 졌을때는 다른 용도 였지만 꼭 봐야 하는 장소네요 특히 어린아이가 있다면 함께 가서 역사 공부를 제대로 할 수 있으니 3대 가족이(할아버지, 아빠, 애기) 가서 살았더 시대의 이야기와 살고 있는 사람의 이야기 그리고 살아갈 어린이의 느낌도 느끼고 공유 하세요"
7년 전,별표 5개,눈온 뒤 풍경이 너무 좋습니다
4년 전,별표 5개,특별한 놀꺼리가 있지 않다해도 한국인이라면  또는 한국은 방문한 손님이라면 한번쯤은 가볼한 한 곳..고궁박물관뿐 아니라 민속박물관 어린이 박물관도 깔끔하고 보기 좋음..다만 주변에 먹거리가 많이 없다는게 조금 아쉽다  
3년 전,별표 5개,시간을 체크하지않아 내부는 들어가지 못했지만 한국의 멋스러움을 볼수있었습니다. 외국인친구들에게 소개하기 정말 좋은곳일것 같습니다
6년 전,별표 5개,일단 더운날씨에 시원해서 굿. 무료라 굿 태종태세문단..... 예전에 외웠던 왕들의 시작과 끝 생활을 알 수 있는 좋은 기회를 주는 곳이다. 좀더 알려졌으면 좋겠다.
6년 전,별표 5개,"데이트장소로도 좋고, 역사 배우기도 좋은곳 입니다. 옛날 왕실의 위엄과 조선이 건국되면서 나라의 배경이 설명이 잘 되어있습니다"
7년 전,별표 4개,조선왕실의 정수를 볼수있는 곳
5년 전,별표 5개,조선의 국방에 대한 전시를 하고 있는데 군복마져도 화려하고 예쁘더라
4년 전,별표 5개,좋았어요 사람많아도할껀다하고옴
7년 전,별표 5개,"연중무휴이고, 경복궁을 방문했을 때 함께 관람하기에 좋다. 1층에 화장실이 있고, 가끔씩 무료 특별전을 하여 좋다."
2년 전,별표 4개,엄청 크지는 않지만 다른곳에서 보지못했던 문화재가 잘 전시되어있어요 쾌적한 시설입니다.
7년 전,별표 5개,근대 조선 역사를 볼 수 있는 곳이었네요.입장료 없고 조용해서 좋았습니다.경복궁도 한눈에 내려다 보이고 좋네요
6년 전,별표 5개,2시에 해설시간에 맞춰 갔었는데 두명이서 들어도 열성적으로 설명해주셨어요! 2시간 동안 서서 들었는데도 전혀 다리가 아픈게 느껴지지 않을정도였습니다!
수정일: 6년 전,별표 4개,일본인 친구들을 데리고 갔었는데.. 문화재 설명이 한국어 영어로밖에 없어서 조금 이쉬운 부분 가까운 나라인 만큼 일본어 중국어 정도만 더해줘도 되지 않을까
5년 전,별표 5개,군사의례전 관람. 한국의 왕실문화를  알수 있는 곳
3년 전,별표 4개,전시물들이 귀하게 느껴짐. 체계적으로 전시 해놓음. 어린이 체험장도 있어서 다양한 박물관 체험이 가능함.
7년 전,별표 5개,국립고궁박물관  대학 써클동기들과 함께 경복궁에 가기위해 만났던 곳 
7년 전,별표 4개,재밌어요. 해설타임에 맞춰가면 더 좋아요
3년 전,별표 5개,낙산공원 나들이 자매들모임 점심식사후 커피숍방문 혜화대학로 특징 아기자기해서 조금만 사람명수가 있어도 들어가지못함 공간이 없음그런데 여기는 공간도 넓고 편안함있어 넘좋음 여기는 다시재방문시 여기서 모이기로 하고 헤어짐
3년 전,별표 5개,시간이 없어서 다 못 관람했어요. 기회되면 더 자세히 살펴보고 싶어요. 잘 정리되어 있고 시설도 깨끗하고 좋아요.
1년 전,별표 4개,외국인 관광객가 겹쳤는데 가이드가 설명을 엉망으로 함. 국내 가이드 또는 해설사 의무제도는 어떨지
수정일: 7년 전,별표 5개,"여긴 자주자주와보는데요, 옛날의 모습도 볼 수 있고 무엇보다 경복궁 안에 있어 "
4년 전,별표 4개,아이들이 체험 할수 있는게 잇어서 좋았습니다
3년 전,별표 4개,대동여지도 특별전(23.5.28) 좋아요~  
4년 전,별표 5개,"경복궁 경내에 있는 국립고궁박물관, 접근성좋고, 조선의 이상이 걸린 궁중현판을 둘러보며 역사공부를 재밋게 했다고 생각합니다"
4년 전,별표 5개,"2021년 12월 2일 방문하여 고궁연화, 인사동 출토유물 공개전 등 2개의 특별전을 보고 왔다. 학예사와 전시디자이너 그리고 기획자의 노고가 보이는 작품을 볼 수 있었으며 인사동 출토유물은 실견할 수 있는 건 지금 말고는 향후 10년이상이라고 본다."
7년 전,별표 5개,재미있는경험을 할수도있고 한국의 역사를 조금이나마 배울수있어요. 각나라마다의 언어로 되어있는 안내책자도 구비되어있구요.
6년 전,별표 5개,지하철3호선 경복궁역을 나오면 왼쪽으로 고궁박물관이 있는데.. 매년1월1일과 설.추석 당일 명절만 휴관하고 연중 무휴로 무료로 관람할수 있다!!! 지하1층.지상1층으로 구성되어 있는데.. 1층에는 중국 청왕조때의 유물과 조선 중기부터 후기까지 유물과 궁중 복식.고가구.궁중에서 사용하던 폐물이 전시되어있고.. 지하1층에는 고종황제때 고종황제께서 타고 다니시던 '어가'가 아닌 '어차'라고해야하나? 아무튼 고종황제와 순종황제께서 타고 다니시던 두 대의 아주 클래식한 다임러와 캐딜락 리무진이 복원되어 전시되어 있다!!!
7년 전,별표 5개,지하에 있는 자격루는 꼭 보셔야해요~장영실이 얼마나 천재였는지 알게되실거에요! 현재까지도 그가 언제 죽었는지 어디로갔는지 무덤이 어딨는지 그누구도 모르지만 대한민국에서 모르는 사람이 없는 인물이죠. 그 천재가 만든 발명품 눈으로 꼭 보세요~
4년 전,별표 4개,"국립고궁박물관(國立古宮博物館)은 조선왕조와 대한제국의 궁궐 유물들을 전문적으로 수집, 전시하는 문화재청 소속 박물관이다. 서울 경복궁 경내 동쪽에 있으며 국가적 의례와 궁중의 실생활을 보여주는 유물 4만여 점을 소장하고 있다.  대중교통 3호선)경복궁역 4번 출구에서224m"
7년 전,별표 5개,경복궁역 5번 출구로 바로 연결되어 있어서 갑자기 가게 되었어요.. 1층만 구경 했는데... 참... 그 옛날 어떻게 그렇게 그림을 잘 그리고... 그랬는지 신기할 따름입니다.  다음에 2층부터 다시 볼라구요  ~
5년 전,별표 5개,무조건 가볼만한 곳인 국립고궁박물관! 경복궁역 5번 출구로 나오면 쉽게 찾아갈 수 있는 국립고궁박물관! 
4년 전,별표 5개,경복궁 내에 위치한 고궁박물관은 무료로 개방되어 있으며 조선시대 왕실의 역사와 왕실과 관련된 당시의 유물 등이 전시 되어 있습니다.
2년 전,별표 5개,전시시설도 쾌적하고 전시테마도 좋고 여러모로 방문하기 좋은 곳입니다. 아이를 동반하기에도 좋아요.
6개월 전,별표 5개,무료라니요... 제값을 받으셔야합니다...
1년 전,별표 5개,정말 좋은 전시 공간입니다. 아이와 갈때마다 새롭고 편안함을 주는 곳입니다.
6년 전,별표 5개,역사공부를 한번더 할수있는 시간
2년 전,별표 5개,아름다운 경험입니다. 저는 이집트인이고 한국 문화를 사랑합니다....한국인들이 이집트와 현대 이집트 박물관을 방문하기를 바랍니다.       
7년 전,별표 3개,경복궁 보고나오면 힘이없어서 못봐요. 궁들어가기전에 방문 . 조선왕조에 대한 소개가 간략하지만 알차게!
수정일: 4년 전,별표 5개,"국립고궁박물관은 문화재청 소속기관으로 왕실문화유산의 전시, 홍보와 관련 연구를 수행하는 정부기관임. "
2년 전,별표 5개,"서울에 있는 고궁에 대한 것, 왕과 왕실에 대한 박물관임. 경복궁과 붙어 있어서 시간 잘 맞추면 경복궁 교대식을 함께 볼수 있음."
2개월 전,별표 4개,재밌고 깨끗한 박물관
2년 전,별표 5개,"Best place in Seoul. 궁궐의 모습이 잘 정리되어 있어, 경복궁 관람시 함께 봐야하는 곳!"
6년 전,별표 4개,설 연휴라 일단 무료 관람이고 아이가 매우 좋아함.
3년 전,별표 5개,아이들 체험하고 볼거리가 많아서 교육상 너무 좋은거같애요 쉴 공간이 많아서 좋네요 무료입장도 되어서 좋아요
3년 전,별표 5개,오래전부터 경복궁보다 더 좋아하던 장소 박물관 규모가 큰편이다. 집합금지로 관람을 중지하였던 과거와 다르게 주말엔 사람이 많다. 아쉬운것은 복원품이 8할인것이 너무 아쉽다
3년 전,별표 3개,조선의 역사 및 유물이 우리에게는 가치가 있지만 외국인에게 화려하게 느껴지지는 않을듯  입장무료. 해설헤드폰 유료
4년 전,별표 5개,역사의 흐름보다 궁궐 안의 문화와 생활 위주의 전시로 색다른 느낌이었습니다. 가족들과 보기 좋은 곳이었습니다. 경복궁 옆에 있어요
5년 전,별표 5개,"고급 스럽고 좋습니다. 단, 제대로 된 역사 설명이 없숩니다. 예로 고종이랑 마누라차가 전시되었어요. 그차 당시 국가 예산에 얼마를 탕진하고 구입한 건지 아세요? 망국에 망조에 대한 정확한 설명과 경각심 없이,무슨 존경 받을 왕실처럼 포장된 전시랄까요?  우리는 일제의 침탈로 망했다 했지만 사실은 요 ! 무능 후한무치 지배자들의 망조로 나라가 먼저 망했습니다. 반드시 역사애 교훈으로 되풀이 되면 않된다 기록으로 남겨야 합니다."
7년 전,별표 4개,무료인거 생각하면 아주 좋음
4년 전,별표 4개,우리나라 역사를 엿볼수 있어요 아이들에게 보여줄수 있는 역사 자료가 많이 있어요 후세들에게 자랑스런 한국의 문화 발자취를 보여주세요
수정일: 5개월 전,별표 5개,송백단  단원들과  고궁  투어를와서 박물관 에서  역사공부를  하며  옛선열들의  힘들고 어려운삶에 역사를 가슴에담고  점심식사  하러  이동하여  삼청동수제비집으로 이동
수정일: 8년 전,별표 5개,대한제국시대의 특별전을 보러 다녀왔습니다. 창덕궁 희정당의 벽을 장식하던 당시의 한국화를 볼수 있습니다. 당대 최고의 작품들을 감상해 볼 수 있습니다. 그밖에 당시의 복식과 궁중생활을 엿볼수 있는 생활용품들과 복식을 볼수 있습니다. 순종어차와 순종황후비의 어차도 복원되어 있으니 한번쯤 들려 보아도 좋을듯 싶네요.
7년 전,별표 4개,전시되어 있는 것이 많고 볼 가치가 높아 시간 날 때 놀러가기 좋습니다. 중간에 휴게시설이 좀 부족할 수 있으므로 튼튼한 다리가 필요
8년 전,별표 5개,"여러 가지로 볼 것도 많고, 경복궁 및 다른 5대궁(경복궁, 창덕궁, 창경궁, 경희궁, 덕수궁)을 둘러보시기 전에 들리셔서 기본적인 틀을 잡으면 좋다는 생각이 들었던 박물관이었습니다 역사적으로 중요한 기록들과 선조들의 예를 중요시하는 마음을 배울 수 있었습니다"
4년 전,별표 5개,"국립고궁박물관은 각종 고증자료들을 볼 수가 있고, 어린아이들을 위한 스탬프 찍기여행, 과거와 현재의 광화문 미니츄어 등 시간이 가는 줄 모르게 재미가 넘치는 박물관!"
5년 전,별표 5개,즐거운 나들이.
8년 전,별표 4개,친구들도 재미있어하더라구요 근데 주말에는 근처에서 시위하면서 행진해서 좀 시끄러워요
2년 전,별표 5개,"무료관람이라 기대하지 않았는데, 전시된 물건과 배치 등 잘 관리된 것을 보고 놀랐습니다. 관람하지 못한 분들에게 강추합니다."
수정일: 3년 전,별표 1개,여기가 바로 다른 사람의 문화재를 가져가고 돈을 주지 않은 곳입니다. 2억5천 제시해놓고 물건 받으니까 갑자기 돈 못준다고 하는건 무슨 심보죠?
5년 전,별표 5개,여유있을 때 방문하면 좋습니다
6년 전,별표 4개,조선시대 좋아하면 한번 가볼만한곳
수정일: 8년 전,별표 4개,대한민국의 개략적인 역사와 고궁에 대한 지식을 접할 수 있는 박물관으로 무료로 입장할 수 있다. 인근 공원의 은행나무가 무척이나 인상적이다
4년 전,별표 5개,3번째 방문과 구매를 했습니다 
6년 전,별표 5개,너무 많은 역사 공부하고 갑니다ㆍ
7년 전,별표 5개,특별전 '선조의 어진'을 친견하러 방문. 정기적인 리뉴얼과 특별전으로 항상 볼 것이 풍부한 장소임. 자격루의 시연은 개인적으로 실망이나...  바로 옆의 조선시대의 별자리를 표시한 석판은 감동이었음.
5년 전,별표 5개,아이들과 꼭 방문해보세요 너무 볼거리도 많고 카페도있어서 다니다 쉬기도좋고 너무좋아요 3시간시 금방지나가네요~
5년 전,별표 5개,애랑 방문하기에 최고의 장소
4년 전,별표 5개,"좋은계절 경복궁 야간개장으로 인하여 많은 시민,관광객들에게 인기있는 장소 조선 왕실의 문화재들이 전시되어 있는 공공박물관"
6년 전,별표 4개,더울땐 경복궁 옆에 있는 고궁 박물관으로...
1년 전,별표 5개,공부하러 오신 분들 많더라고요 준비중인 곳 많아서 아쉬웠어요 1층과 지하 1층만 관람 가능
4년 전,별표 5개,평일인데도 사람많았어요. 아이데리고 가기좋고 실내박물관에 볼것도  실외에 설명해주시는 분도 친절했어요
7년 전,별표 5개,입장료도 무료인데 이렇게 잘 구성된 박물관을 만나서 너무 기분 좋았어요 외국인 한국인 아이들 누구나 한번쯤은 꼭 가보아야 할 것이라고 느꼈어요
7년 전,별표 5개,"근대 궁궐 제례용품과 다양한 제례도감, 문화재들을 볼수있어서 좋았습니다.  사람들도 많았으나 보는데는 별 영향은 없었네요."
4년 전,별표 4개,우리나라 궁궐의 역사에 대해 알려주는 박물관. 조선뿐 아니라 고려 삼국시대도 전반적으로 다루면 더 좋은 박물관이 될거 같다
6년 전,별표 5개,"조선에 대해서 아주 자세히 알 수 있고 고급스러움. 또한, 지금은 효명세자에 대해서 기획전시를 하고 있으니 효명세자에 대해서 궁금한 사람은 가보는 것도 괜찮을 듯"
8년 전,별표 5개,경복궁역이나 광화문역 근처 근무하시는 분들은 점심 일찍 드시고 고궁박물만 산책하시고 박물관(관람료 무료) 관람하시는 것 추천합니다. 광화문 왼쪽 입구따라 산책하시면 은행나무 밑 벤치도 운치있습니다.
5년 전,별표 4개,"서촌에서 유미의 세계 특별전 관람하고 점심 먹은 후 어디갈까 하다가 넘 더워서 피서?하러 들어간곳.. 예쁜 도자기들, 순종이랑  황후가 탔다던 클래식카도 멋졌음"
7년 전,별표 5개,경복궁다녀온김에 고궁박물관까지
3년 전,별표 5개,입장료가 없음에도 30분~1시간 정도 재미있게 구경 가능합니다  ) 건물 내에 엘레베이터가 설치되어있긴하지만 전시관이 3개의 층에 나눠져있어서 거동이 불편하신 분들이 관람하기에는 애로 사항이 있습니다.
7년 전,별표 5개,참고로 인터넷에 주차장이 없다고 나오는데 입구 쪽 우측 차량 출입구 있습니다. 거기서 우회전 후 직진하면 
5년 전,별표 5개,지하철3호선 경복궁역 5번 출구와 연결되어 있는 국립고궁 박물관 접근성도 좋고 시기별 전시회도 열리고 무료 입장 가능합니다.
5년 전,별표 4개,"무료, 조선시대 자료가 많음. 특히 경복궁 둘러보기 전이나 후에 과거 설계도 등 자료를 참고해 보는 것도 좋을듯."
4년 전,별표 3개,어린이날 무료 개방
3년 전,별표 5개,귀에 이어폰을 끼면 박물관내 모든 전시물을 자동으로 들을수 있는 기기가 있어서 참 편하고 좋았다
4년 전,별표 4개,용산에 비해선 규모가 크진않지만 나름 테마있게 꾸며진듯 하다 
